pkl_file,pkl_path,datetime_label,cmtr_file,cmtr_path,cmcr_path,matched
2024.02.26-10.53.19-Rec.pkl,M:\Python_Project\Data_Processing_2024\Data\2024.02.26-10.53.19-Rec.pkl,2024.02.26-10.53.19,2024.02.26-10.53.19-Rec-.cmtr,M:\20240226_protocol_test\2024.02.26-10.53.19-Rec-.cmtr,M:\20240226_protocol_test\2024.02.26-10.53.19-Rec.cmcr,True
2024.02.26-11.44.42-Rec.pkl,M:\Python_Project\Data_Processing_2024\Data\2024.02.26-11.44.42-Rec.pkl,2024.02.26-11.44.42,2024.02.26-11.44.42-Rec-.cmtr,M:\20240226_protocol_test\2024.02.26-11.44.42-Rec-.cmtr,M:\20240226_protocol_test\2024.02.26-11.44.42-Rec.cmcr,True
2024.02.26-12.23.03-Rec.pkl,M:\Python_Project\Data_Processing_2024\Data\2024.02.26-12.23.03-Rec.pkl,2024.02.26-12.23.03,2024.02.26-12.23.03-Rec-.cmtr,M:\20240226_protocol_test\2024.02.26-12.23.03-Rec-.cmtr,M:\20240226_protocol_test\2024.02.26-12.23.03-Rec.cmcr,True
2024.02.26-13.44.15-Rec.pkl,M:\Python_Project\Data_Processing_2024\Data\2024.02.26-13.44.15-Rec.pkl,2024.02.26-13.44.15,2024.02.26-13.44.15-Rec-.cmtr,M:\20240226_protocol_test\2024.02.26-13.44.15-Rec-.cmtr,M:\20240226_protocol_test\2024.02.26-13.44.15-Rec.cmcr,True
2024.02.26-14.21.41-Rec.pkl,M:\Python_Project\Data_Processing_2024\Data\2024.02.26-14.21.41-Rec.pkl,2024.02.26-14.21.41,2024.02.26-14.21.41-Rec-.cmtr,M:\20240226_protocol_test\2024.02.26-14.21.41-Rec-.cmtr,M:\20240226_protocol_test\2024.02.26-14.21.41-Rec.cmcr,True
2024.02.28-10.42.23-Rec.pkl,M:\Python_Project\Data_Processing_2024\Data\2024.02.28-10.42.23-Rec.pkl,2024.02.28-10.42.23,2024.02.28-10.42.23-Rec-.cmtr,M:\20240228_protocol_test\2024.02.28-10.42.23-Rec-.cmtr,M:\20240228_protocol_test\2024.02.28-10.42.23-Rec.cmcr,True
2024.02.28-11.19.39-Rec.pkl,M:\Python_Project\Data_Processing_2024\Data\2024.02.28-11.19.39-Rec.pkl,2024.02.28-11.19.39,2024.02.28-11.19.39-Rec-.cmtr,M:\20240228_protocol_test\2024.02.28-11.19.39-Rec-.cmtr,M:\20240228_protocol_test\2024.02.28-11.19.39-Rec.cmcr,True
2024.02.28-11.57.32-Rec.pkl,M:\Python_Project\Data_Processing_2024\Data\2024.02.28-11.57.32-Rec.pkl,2024.02.28-11.57.32,2024.02.28-11.57.32-Rec-.cmtr,M:\20240228_protocol_test\2024.02.28-11.57.32-Rec-.cmtr,M:\20240228_protocol_test\2024.02.28-11.57.32-Rec.cmcr,True
2024.02.28-13.13.59-Rec.pkl,M:\Python_Project\Data_Processing_2024\Data\2024.02.28-13.13.59-Rec.pkl,2024.02.28-13.13.59,2024.02.28-13.13.59-Rec- (2).cmtr,M:\20240228_protocol_test\2024.02.28-13.13.59-Rec- (2).cmtr,,False
2024.02.28-13.50.36-Rec.pkl,M:\Python_Project\Data_Processing_2024\Data\2024.02.28-13.50.36-Rec.pkl,2024.02.28-13.50.36,2024.02.28-13.50.36-Rec-.cmtr,M:\20240228_protocol_test\2024.02.28-13.50.36-Rec-.cmtr,M:\20240228_protocol_test\2024.02.28-13.50.36-Rec.cmcr,True
2024.03.01-10.28.08-Rec.pkl,M:\Python_Project\Data_Processing_2024\Data\2024.03.01-10.28.08-Rec.pkl,2024.03.01-10.28.08,2024.03.01-10.28.08-Rec-.cmtr,Q:\20240301\2024.03.01-10.28.08-Rec-.cmtr,Q:\20240301\2024.03.01-10.28.08-Rec.cmcr,True
2024.03.01-11.09.01-Rec.pkl,M:\Python_Project\Data_Processing_2024\Data\2024.03.01-11.09.01-Rec.pkl,2024.03.01-11.09.01,2024.03.01-11.09.01-Rec-.cmtr,Q:\20240301\2024.03.01-11.09.01-Rec-.cmtr,Q:\20240301\2024.03.01-11.09.01-Rec.cmcr,True
2024.03.01-13.13.16-Rec.pkl,M:\Python_Project\Data_Processing_2024\Data\2024.03.01-13.13.16-Rec.pkl,2024.03.01-13.13.16,2024.03.01-13.13.16-Rec-.cmtr,Q:\20240301\2024.03.01-13.13.16-Rec-.cmtr,Q:\20240301\2024.03.01-13.13.16-Rec.cmcr,True
2024.03.01-13.48.58-Rec.pkl,M:\Python_Project\Data_Processing_2024\Data\2024.03.01-13.48.58-Rec.pkl,2024.03.01-13.48.58,2024.03.01-13.48.58-Rec-.cmtr,Q:\20240301\2024.03.01-13.48.58-Rec-.cmtr,Q:\20240301\2024.03.01-13.48.58-Rec.cmcr,True
2024.03.01-14.40.14-Rec.pkl,M:\Python_Project\Data_Processing_2024\Data\2024.03.01-14.40.14-Rec.pkl,2024.03.01-14.40.14,2024.03.01-14.40.14-Rec-.cmtr,Q:\20240301\2024.03.01-14.40.14-Rec-.cmtr,Q:\20240301\2024.03.01-14.40.14-Rec.cmcr,True
2024.03.05-10.07.59-Rec.pkl,M:\Python_Project\Data_Processing_2024\Data\2024.03.05-10.07.59-Rec.pkl,2024.03.05-10.07.59,2024.03.05-10.07.59-Rec-.cmtr,Q:\20240305\2024.03.05-10.07.59-Rec-.cmtr,Q:\20240305\2024.03.05-10.07.59-Rec.cmcr,True
2024.03.05-10.41.23-Rec.pkl,M:\Python_Project\Data_Processing_2024\Data\2024.03.05-10.41.23-Rec.pkl,2024.03.05-10.41.23,2024.03.05-10.41.23-Rec-.cmtr,Q:\20240305\2024.03.05-10.41.23-Rec-.cmtr,Q:\20240305\2024.03.05-10.41.23-Rec.cmcr,True
2024.03.05-11.16.27-Rec.pkl,M:\Python_Project\Data_Processing_2024\Data\2024.03.05-11.16.27-Rec.pkl,2024.03.05-11.16.27,2024.03.05-11.16.27-Rec-.cmtr,Q:\20240305\2024.03.05-11.16.27-Rec-.cmtr,Q:\20240305\2024.03.05-11.16.27-Rec.cmcr,True
2024.03.05-11.51.39-Rec.pkl,M:\Python_Project\Data_Processing_2024\Data\2024.03.05-11.51.39-Rec.pkl,2024.03.05-11.51.39,2024.03.05-11.51.39-Rec-.cmtr,Q:\20240305\2024.03.05-11.51.39-Rec-.cmtr,Q:\20240305\2024.03.05-11.51.39-Rec.cmcr,True
2024.03.05-12.27.13-Rec.pkl,M:\Python_Project\Data_Processing_2024\Data\2024.03.05-12.27.13-Rec.pkl,2024.03.05-12.27.13,2024.03.05-12.27.13-Rec-.cmtr,Q:\20240305\2024.03.05-12.27.13-Rec-.cmtr,Q:\20240305\2024.03.05-12.27.13-Rec.cmcr,True
2024.03.05-13.03.51-Rec.pkl,M:\Python_Project\Data_Processing_2024\Data\2024.03.05-13.03.51-Rec.pkl,2024.03.05-13.03.51,2024.03.05-13.03.51-Rec-.cmtr,Q:\20240305\2024.03.05-13.03.51-Rec-.cmtr,Q:\20240305\2024.03.05-13.03.51-Rec.cmcr,True
2024.03.05-13.37.13-Rec.pkl,M:\Python_Project\Data_Processing_2024\Data\2024.03.05-13.37.13-Rec.pkl,2024.03.05-13.37.13,2024.03.05-13.37.13-Rec-.cmtr,Q:\20240305\2024.03.05-13.37.13-Rec-.cmtr,Q:\20240305\2024.03.05-13.37.13-Rec.cmcr,True
2024.03.05-14.13.33-Rec.pkl,M:\Python_Project\Data_Processing_2024\Data\2024.03.05-14.13.33-Rec.pkl,2024.03.05-14.13.33,2024.03.05-14.13.33-Rec-.cmtr,Q:\20240305\2024.03.05-14.13.33-Rec-.cmtr,Q:\20240305\2024.03.05-14.13.33-Rec.cmcr,True
2024.03.05-14.49.23-Rec.pkl,M:\Python_Project\Data_Processing_2024\Data\2024.03.05-14.49.23-Rec.pkl,2024.03.05-14.49.23,2024.03.05-14.49.23-Rec-.cmtr,Q:\20240305\2024.03.05-14.49.23-Rec-.cmtr,Q:\20240305\2024.03.05-14.49.23-Rec.cmcr,True
2024.03.05-15.26.36-Rec.pkl,M:\Python_Project\Data_Processing_2024\Data\2024.03.05-15.26.36-Rec.pkl,2024.03.05-15.26.36,2024.03.05-15.26.36-Rec-.cmtr,Q:\20240305\2024.03.05-15.26.36-Rec-.cmtr,Q:\20240305\2024.03.05-15.26.36-Rec.cmcr,True
2024.03.07-09.36.43-Rec.pkl,M:\Python_Project\Data_Processing_2024\Data\2024.03.07-09.36.43-Rec.pkl,2024.03.07-09.36.43,2024.03.07-09.36.43-Rec-.cmtr,Q:\20240307\2024.03.07-09.36.43-Rec-.cmtr,Q:\20240307\2024.03.07-09.36.43-Rec.cmcr,True
2024.03.07-10.12.28-Rec.pkl,M:\Python_Project\Data_Processing_2024\Data\2024.03.07-10.12.28-Rec.pkl,2024.03.07-10.12.28,2024.03.07-10.12.28-Rec-.cmtr,Q:\20240307\2024.03.07-10.12.28-Rec-.cmtr,Q:\20240307\2024.03.07-10.12.28-Rec.cmcr,True
2024.03.07-10.46.01-Rec.pkl,M:\Python_Project\Data_Processing_2024\Data\2024.03.07-10.46.01-Rec.pkl,2024.03.07-10.46.01,2024.03.07-10.46.01-Rec-.cmtr,Q:\20240307\2024.03.07-10.46.01-Rec-.cmtr,Q:\20240307\2024.03.07-10.46.01-Rec.cmcr,True
2024.03.07-11.26.07-Rec.pkl,M:\Python_Project\Data_Processing_2024\Data\2024.03.07-11.26.07-Rec.pkl,2024.03.07-11.26.07,2024.03.07-11.26.07-Rec-.cmtr,Q:\20240307\2024.03.07-11.26.07-Rec-.cmtr,Q:\20240307\2024.03.07-11.26.07-Rec.cmcr,True
2024.03.07-12.00.14-Rec.pkl,M:\Python_Project\Data_Processing_2024\Data\2024.03.07-12.00.14-Rec.pkl,2024.03.07-12.00.14,2024.03.07-12.00.14-Rec-.cmtr,Q:\20240307\2024.03.07-12.00.14-Rec-.cmtr,Q:\20240307\2024.03.07-12.00.14-Rec.cmcr,True
2024.03.07-12.33.58-Rec.pkl,M:\Python_Project\Data_Processing_2024\Data\2024.03.07-12.33.58-Rec.pkl,2024.03.07-12.33.58,2024.03.07-12.33.58-Rec-.cmtr,Q:\20240307\2024.03.07-12.33.58-Rec-.cmtr,Q:\20240307\2024.03.07-12.33.58-Rec.cmcr,True
2024.03.07-13.08.00-Rec.pkl,M:\Python_Project\Data_Processing_2024\Data\2024.03.07-13.08.00-Rec.pkl,2024.03.07-13.08.00,2024.03.07-13.08.00-Rec-.cmtr,Q:\20240307\2024.03.07-13.08.00-Rec-.cmtr,Q:\20240307\2024.03.07-13.08.00-Rec.cmcr,True
2024.03.07-13.44.26-Rec.pkl,M:\Python_Project\Data_Processing_2024\Data\2024.03.07-13.44.26-Rec.pkl,2024.03.07-13.44.26,2024.03.07-13.44.26-Rec-.cmtr,Q:\20240307\2024.03.07-13.44.26-Rec-.cmtr,Q:\20240307\2024.03.07-13.44.26-Rec.cmcr,True
2024.03.14-10.47.08-Rec.pkl,M:\Python_Project\Data_Processing_2024\Data\2024.03.14-10.47.08-Rec.pkl,2024.03.14-10.47.08,2024.03.14-10.47.08-Rec-.cmtr,Q:\20240314\2024.03.14-10.47.08-Rec-.cmtr,Q:\20240314\2024.03.14-10.47.08-Rec.cmcr,True
2024.03.14-12.24.26-Rec.pkl,M:\Python_Project\Data_Processing_2024\Data\2024.03.14-12.24.26-Rec.pkl,2024.03.14-12.24.26,2024.03.14-12.24.26-Rec-.cmtr,Q:\20240314\2024.03.14-12.24.26-Rec-.cmtr,Q:\20240314\2024.03.14-12.24.26-Rec.cmcr,True
2024.03.14-13.00.17-Rec.pkl,M:\Python_Project\Data_Processing_2024\Data\2024.03.14-13.00.17-Rec.pkl,2024.03.14-13.00.17,2024.03.14-13.00.17-Rec-.cmtr,Q:\20240314\2024.03.14-13.00.17-Rec-.cmtr,Q:\20240314\2024.03.14-13.00.17-Rec.cmcr,True
2024.03.14-14.06.50-Rec.pkl,M:\Python_Project\Data_Processing_2024\Data\2024.03.14-14.06.50-Rec.pkl,2024.03.14-14.06.50,2024.03.14-14.06.50-Rec-.cmtr,Q:\20240314\2024.03.14-14.06.50-Rec-.cmtr,Q:\20240314\2024.03.14-14.06.50-Rec.cmcr,True
2024.03.20-10.08.11-Rec.pkl,M:\Python_Project\Data_Processing_2024\Data\2024.03.20-10.08.11-Rec.pkl,2024.03.20-10.08.11,2024.03.20-10.08.11-Rec-.cmtr,Q:\20240320\2024.03.20-10.08.11-Rec-.cmtr,Q:\20240320\2024.03.20-10.08.11-Rec.cmcr,True
2024.03.20-11.17.35-Rec.pkl,M:\Python_Project\Data_Processing_2024\Data\2024.03.20-11.17.35-Rec.pkl,2024.03.20-11.17.35,2024.03.20-11.17.35-Rec-.cmtr,Q:\20240320\2024.03.20-11.17.35-Rec-.cmtr,Q:\20240320\2024.03.20-11.17.35-Rec.cmcr,True
2024.03.20-13.41.33-Rec.pkl,M:\Python_Project\Data_Processing_2024\Data\2024.03.20-13.41.33-Rec.pkl,2024.03.20-13.41.33,2024.03.20-13.41.33-Rec-.cmtr,Q:\20240320\2024.03.20-13.41.33-Rec-.cmtr,Q:\20240320\2024.03.20-13.41.33-Rec.cmcr,True
2024.03.25-12.03.08-Rec.pkl,M:\Python_Project\Data_Processing_2024\Data\2024.03.25-12.03.08-Rec.pkl,2024.03.25-12.03.08,2024.03.25-12.03.08-Rec-.cmtr,Q:\20240325\2024.03.25-12.03.08-Rec-.cmtr,Q:\20240325\2024.03.25-12.03.08-Rec.cmcr,True
2024.03.25-12.36.27-Rec.pkl,M:\Python_Project\Data_Processing_2024\Data\2024.03.25-12.36.27-Rec.pkl,2024.03.25-12.36.27,2024.03.25-12.36.27-Rec-.cmtr,Q:\20240325\2024.03.25-12.36.27-Rec-.cmtr,Q:\20240325\2024.03.25-12.36.27-Rec.cmcr,True
2024.03.25-13.11.11-Rec.pkl,M:\Python_Project\Data_Processing_2024\Data\2024.03.25-13.11.11-Rec.pkl,2024.03.25-13.11.11,2024.03.25-13.11.11-Rec-.cmtr,Q:\20240325\2024.03.25-13.11.11-Rec-.cmtr,Q:\20240325\2024.03.25-13.11.11-Rec.cmcr,True
2024.03.25-13.44.04-Rec.pkl,M:\Python_Project\Data_Processing_2024\Data\2024.03.25-13.44.04-Rec.pkl,2024.03.25-13.44.04,2024.03.25-13.44.04-Rec-.cmtr,Q:\20240325\2024.03.25-13.44.04-Rec-.cmtr,Q:\20240325\2024.03.25-13.44.04-Rec.cmcr,True
2024.03.25-14.24.51-Rec.pkl,M:\Python_Project\Data_Processing_2024\Data\2024.03.25-14.24.51-Rec.pkl,2024.03.25-14.24.51,2024.03.25-14.24.51-Rec-.cmtr,Q:\20240325\2024.03.25-14.24.51-Rec-.cmtr,Q:\20240325\2024.03.25-14.24.51-Rec.cmcr,True
2024.03.25-14.59.16-Rec.pkl,M:\Python_Project\Data_Processing_2024\Data\2024.03.25-14.59.16-Rec.pkl,2024.03.25-14.59.16,2024.03.25-14.59.16-Rec-.cmtr,Q:\20240325\2024.03.25-14.59.16-Rec-.cmtr,Q:\20240325\2024.03.25-14.59.16-Rec.cmcr,True
2024.03.25-15.38.58-Rec.pkl,M:\Python_Project\Data_Processing_2024\Data\2024.03.25-15.38.58-Rec.pkl,2024.03.25-15.38.58,2024.03.25-15.38.58-Rec-.cmtr,Q:\20240325\2024.03.25-15.38.58-Rec-.cmtr,Q:\20240325\2024.03.25-15.38.58-Rec.cmcr,True
2024.03.28-09.44.38-Rec.pkl,M:\Python_Project\Data_Processing_2024\Data\2024.03.28-09.44.38-Rec.pkl,2024.03.28-09.44.38,2024.03.28-09.44.38-Rec-.cmtr,Q:\20240328\2024.03.28-09.44.38-Rec-.cmtr,Q:\20240328\2024.03.28-09.44.38-Rec.cmcr,True
2024.03.28-10.53.26-Rec.pkl,M:\Python_Project\Data_Processing_2024\Data\2024.03.28-10.53.26-Rec.pkl,2024.03.28-10.53.26,2024.03.28-10.53.26-Rec-.cmtr,Q:\20240328\2024.03.28-10.53.26-Rec-.cmtr,Q:\20240328\2024.03.28-10.53.26-Rec.cmcr,True
2024.03.28-11.28.00-Rec.pkl,M:\Python_Project\Data_Processing_2024\Data\2024.03.28-11.28.00-Rec.pkl,2024.03.28-11.28.00,2024.03.28-11.28.00-Rec-.cmtr,Q:\20240328\2024.03.28-11.28.00-Rec-.cmtr,Q:\20240328\2024.03.28-11.28.00-Rec.cmcr,True
2024.03.28-12.04.19-Rec.pkl,M:\Python_Project\Data_Processing_2024\Data\2024.03.28-12.04.19-Rec.pkl,2024.03.28-12.04.19,2024.03.28-12.04.19-Rec-.cmtr,Q:\20240328\2024.03.28-12.04.19-Rec-.cmtr,Q:\20240328\2024.03.28-12.04.19-Rec.cmcr,True
2024.03.28-13.24.58-Rec.pkl,M:\Python_Project\Data_Processing_2024\Data\2024.03.28-13.24.58-Rec.pkl,2024.03.28-13.24.58,2024.03.28-13.24.58-Rec-.cmtr,Q:\20240328\2024.03.28-13.24.58-Rec-.cmtr,Q:\20240328\2024.03.28-13.24.58-Rec.cmcr,True
2024.03.28-13.59.28-Rec.pkl,M:\Python_Project\Data_Processing_2024\Data\2024.03.28-13.59.28-Rec.pkl,2024.03.28-13.59.28,2024.03.28-13.59.28-Rec-.cmtr,Q:\20240328\2024.03.28-13.59.28-Rec-.cmtr,Q:\20240328\2024.03.28-13.59.28-Rec.cmcr,True
2024.03.28-15.15.29-Rec.pkl,M:\Python_Project\Data_Processing_2024\Data\2024.03.28-15.15.29-Rec.pkl,2024.03.28-15.15.29,2024.03.28-15.15.29-Rec-.cmtr,Q:\20240328\2024.03.28-15.15.29-Rec-.cmtr,Q:\20240328\2024.03.28-15.15.29-Rec.cmcr,True
2024.04.02-09.37.24-Rec.pkl,M:\Python_Project\Data_Processing_2024\Data\2024.04.02-09.37.24-Rec.pkl,2024.04.02-09.37.24,2024.04.02-09.37.24-Rec-.cmtr,Q:\20240402\2024.04.02-09.37.24-Rec-.cmtr,Q:\20240402\2024.04.02-09.37.24-Rec.cmcr,True
2024.04.02-10.25.10-Rec.pkl,M:\Python_Project\Data_Processing_2024\Data\2024.04.02-10.25.10-Rec.pkl,2024.04.02-10.25.10,2024.04.02-10.25.10-Rec-.cmtr,Q:\20240402\2024.04.02-10.25.10-Rec-.cmtr,Q:\20240402\2024.04.02-10.25.10-Rec.cmcr,True
2024.04.02-12.07.50-Rec.pkl,M:\Python_Project\Data_Processing_2024\Data\2024.04.02-12.07.50-Rec.pkl,2024.04.02-12.07.50,2024.04.02-12.07.50-Rec-.cmtr,Q:\20240402\2024.04.02-12.07.50-Rec-.cmtr,Q:\20240402\2024.04.02-12.07.50-Rec.cmcr,True
2024.04.02-13.29.44-Rec.pkl,M:\Python_Project\Data_Processing_2024\Data\2024.04.02-13.29.44-Rec.pkl,2024.04.02-13.29.44,2024.04.02-13.29.44-Rec-.cmtr,Q:\20240402\2024.04.02-13.29.44-Rec-.cmtr,Q:\20240402\2024.04.02-13.29.44-Rec.cmcr,True
2024.04.03-10.21.31-Rec.pkl,M:\Python_Project\Data_Processing_2024\Data\2024.04.03-10.21.31-Rec.pkl,2024.04.03-10.21.31,2024.04.03-10.21.31-Rec-.cmtr,Q:\20240403\2024.04.03-10.21.31-Rec-.cmtr,Q:\20240403\2024.04.03-10.21.31-Rec.cmcr,True
2024.04.03-11.51.46-Rec.pkl,M:\Python_Project\Data_Processing_2024\Data\2024.04.03-11.51.46-Rec.pkl,2024.04.03-11.51.46,2024.04.03-11.51.46-Rec-.cmtr,Q:\20240403\2024.04.03-11.51.46-Rec-.cmtr,Q:\20240403\2024.04.03-11.51.46-Rec.cmcr,True
2024.04.03-13.26.54-Rec.pkl,M:\Python_Project\Data_Processing_2024\Data\2024.04.03-13.26.54-Rec.pkl,2024.04.03-13.26.54,2024.04.03-13.26.54-Rec-.cmtr,Q:\20240403\2024.04.03-13.26.54-Rec-.cmtr,Q:\20240403\2024.04.03-13.26.54-Rec.cmcr,True
2024.04.03-14.01.03-Rec.pkl,M:\Python_Project\Data_Processing_2024\Data\2024.04.03-14.01.03-Rec.pkl,2024.04.03-14.01.03,2024.04.03-14.01.03-Rec-.cmtr,Q:\20240403\2024.04.03-14.01.03-Rec-.cmtr,Q:\20240403\2024.04.03-14.01.03-Rec.cmcr,True
2024.04.03-14.34.58-Rec.pkl,M:\Python_Project\Data_Processing_2024\Data\2024.04.03-14.34.58-Rec.pkl,2024.04.03-14.34.58,2024.04.03-14.34.58-Rec-.cmtr,Q:\20240403\2024.04.03-14.34.58-Rec-.cmtr,Q:\20240403\2024.04.03-14.34.58-Rec.cmcr,True
2024.04.03-15.11.47-Rec.pkl,M:\Python_Project\Data_Processing_2024\Data\2024.04.03-15.11.47-Rec.pkl,2024.04.03-15.11.47,2024.04.03-15.11.47-Rec-.cmtr,Q:\20240403\2024.04.03-15.11.47-Rec-.cmtr,Q:\20240403\2024.04.03-15.11.47-Rec.cmcr,True
2024.04.05-10.22.17-Rec.pkl,M:\Python_Project\Data_Processing_2024\Data\2024.04.05-10.22.17-Rec.pkl,2024.04.05-10.22.17,2024.04.05-10.22.17-Rec-.cmtr,Q:\20240405\2024.04.05-10.22.17-Rec-.cmtr,Q:\20240405\2024.04.05-10.22.17-Rec.cmcr,True
2024.04.05-11.44.19-Rec.pkl,M:\Python_Project\Data_Processing_2024\Data\2024.04.05-11.44.19-Rec.pkl,2024.04.05-11.44.19,2024.04.05-11.44.19-Rec-.cmtr,Q:\20240405\2024.04.05-11.44.19-Rec-.cmtr,Q:\20240405\2024.04.05-11.44.19-Rec.cmcr,True
2024.04.05-13.03.38-Rec.pkl,M:\Python_Project\Data_Processing_2024\Data\2024.04.05-13.03.38-Rec.pkl,2024.04.05-13.03.38,2024.04.05-13.03.38-Rec-.cmtr,Q:\20240405\2024.04.05-13.03.38-Rec-.cmtr,Q:\20240405\2024.04.05-13.03.38-Rec.cmcr,True
2024.04.05-14.02.42-Rec.pkl,M:\Python_Project\Data_Processing_2024\Data\2024.04.05-14.02.42-Rec.pkl,2024.04.05-14.02.42,2024.04.05-14.02.42-Rec-.cmtr,Q:\20240405\2024.04.05-14.02.42-Rec-.cmtr,Q:\20240405\2024.04.05-14.02.42-Rec.cmcr,True
2024.04.08-10.00.00-Rec.pkl,M:\Python_Project\Data_Processing_2024\Data\2024.04.08-10.00.00-Rec.pkl,2024.04.08-10.00.00,2024.04.08-10.00.00-Rec-.cmtr,Q:\20240408\2024.04.08-10.00.00-Rec-.cmtr,Q:\20240408\2024.04.08-10.00.00-Rec.cmcr,True
2024.04.08-11.49.20-Rec.pkl,M:\Python_Project\Data_Processing_2024\Data\2024.04.08-11.49.20-Rec.pkl,2024.04.08-11.49.20,2024.04.08-11.49.20-Rec-.cmtr,Q:\20240408\2024.04.08-11.49.20-Rec-.cmtr,Q:\20240408\2024.04.08-11.49.20-Rec.cmcr,True
2024.04.08-13.11.33-Rec.pkl,M:\Python_Project\Data_Processing_2024\Data\2024.04.08-13.11.33-Rec.pkl,2024.04.08-13.11.33,2024.04.08-13.11.33-Rec-.cmtr,Q:\20240408\2024.04.08-13.11.33-Rec-.cmtr,Q:\20240408\2024.04.08-13.11.33-Rec.cmcr,True
2024.04.08-14.41.15-Rec.pkl,M:\Python_Project\Data_Processing_2024\Data\2024.04.08-14.41.15-Rec.pkl,2024.04.08-14.41.15,2024.04.08-14.41.15-Rec-.cmtr,Q:\20240408\2024.04.08-14.41.15-Rec-.cmtr,Q:\20240408\2024.04.08-14.41.15-Rec.cmcr,True
2024.04.11-11.22.37-Rec.pkl,M:\Python_Project\Data_Processing_2024\Data\2024.04.11-11.22.37-Rec.pkl,2024.04.11-11.22.37,2024.04.11-11.22.37-Rec-.cmtr,Q:\20240411\2024.04.11-11.22.37-Rec-.cmtr,Q:\20240411\2024.04.11-11.22.37-Rec.cmcr,True
2024.04.11-12.00.29-Rec.pkl,M:\Python_Project\Data_Processing_2024\Data\2024.04.11-12.00.29-Rec.pkl,2024.04.11-12.00.29,2024.04.11-12.00.29-Rec-.cmtr,Q:\20240411\2024.04.11-12.00.29-Rec-.cmtr,Q:\20240411\2024.04.11-12.00.29-Rec.cmcr,True
2024.04.11-12.35.31-Rec.pkl,M:\Python_Project\Data_Processing_2024\Data\2024.04.11-12.35.31-Rec.pkl,2024.04.11-12.35.31,2024.04.11-12.35.31-Rec-.cmtr,Q:\20240411\2024.04.11-12.35.31-Rec-.cmtr,Q:\20240411\2024.04.11-12.35.31-Rec.cmcr,True
2024.04.11-13.33.55-Rec.pkl,M:\Python_Project\Data_Processing_2024\Data\2024.04.11-13.33.55-Rec.pkl,2024.04.11-13.33.55,2024.04.11-13.33.55-Rec-.cmtr,Q:\20240411\2024.04.11-13.33.55-Rec-.cmtr,Q:\20240411\2024.04.11-13.33.55-Rec.cmcr,True
2024.04.11-14.25.06-Rec.pkl,M:\Python_Project\Data_Processing_2024\Data\2024.04.11-14.25.06-Rec.pkl,2024.04.11-14.25.06,2024.04.11-14.25.06-Rec-.cmtr,Q:\20240411\2024.04.11-14.25.06-Rec-.cmtr,Q:\20240411\2024.04.11-14.25.06-Rec.cmcr,True
2024.04.11-14.58.37-Rec.pkl,M:\Python_Project\Data_Processing_2024\Data\2024.04.11-14.58.37-Rec.pkl,2024.04.11-14.58.37,2024.04.11-14.58.37-Rec-.cmtr,Q:\20240411\2024.04.11-14.58.37-Rec-.cmtr,Q:\20240411\2024.04.11-14.58.37-Rec.cmcr,True
2024.04.11-15.29.42-Rec.pkl,M:\Python_Project\Data_Processing_2024\Data\2024.04.11-15.29.42-Rec.pkl,2024.04.11-15.29.42,2024.04.11-15.29.42-Rec-.cmtr,Q:\20240411\2024.04.11-15.29.42-Rec-.cmtr,Q:\20240411\2024.04.11-15.29.42-Rec.cmcr,True
2024.04.17-11.09.53-Rec.pkl,M:\Python_Project\Data_Processing_2024\Data\2024.04.17-11.09.53-Rec.pkl,2024.04.17-11.09.53,2024.04.17-11.09.53-Rec-.cmtr,Q:\20240417\2024.04.17-11.09.53-Rec-.cmtr,Q:\20240417\2024.04.17-11.09.53-Rec.cmcr,True
2024.04.17-12.14.24-Rec.pkl,M:\Python_Project\Data_Processing_2024\Data\2024.04.17-12.14.24-Rec.pkl,2024.04.17-12.14.24,2024.04.17-12.14.24-Rec-.cmtr,Q:\20240417\2024.04.17-12.14.24-Rec-.cmtr,Q:\20240417\2024.04.17-12.14.24-Rec.cmcr,True
2024.04.17-13.22.46-Rec.pkl,M:\Python_Project\Data_Processing_2024\Data\2024.04.17-13.22.46-Rec.pkl,2024.04.17-13.22.46,2024.04.17-13.22.46-Rec-.cmtr,Q:\20240417\2024.04.17-13.22.46-Rec-.cmtr,Q:\20240417\2024.04.17-13.22.46-Rec.cmcr,True
2024.04.17-14.00.40-Rec.pkl,M:\Python_Project\Data_Processing_2024\Data\2024.04.17-14.00.40-Rec.pkl,2024.04.17-14.00.40,2024.04.17-14.00.40-Rec-.cmtr,Q:\20240417\2024.04.17-14.00.40-Rec-.cmtr,Q:\20240417\2024.04.17-14.00.40-Rec.cmcr,True
2024.04.17-14.37.28-Rec.pkl,M:\Python_Project\Data_Processing_2024\Data\2024.04.17-14.37.28-Rec.pkl,2024.04.17-14.37.28,2024.04.17-14.37.28-Rec-.cmtr,Q:\20240417\2024.04.17-14.37.28-Rec-.cmtr,Q:\20240417\2024.04.17-14.37.28-Rec.cmcr,True
2024.04.19-10.26.53-Rec.pkl,M:\Python_Project\Data_Processing_2024\Data\2024.04.19-10.26.53-Rec.pkl,2024.04.19-10.26.53,2024.04.19-10.26.53-Rec-.cmtr,Q:\20240419\2024.04.19-10.26.53-Rec-.cmtr,Q:\20240419\2024.04.19-10.26.53-Rec.cmcr,True
2024.04.19-11.02.00-Rec.pkl,M:\Python_Project\Data_Processing_2024\Data\2024.04.19-11.02.00-Rec.pkl,2024.04.19-11.02.00,2024.04.19-11.02.00-Rec-.cmtr,Q:\20240419\2024.04.19-11.02.00-Rec-.cmtr,Q:\20240419\2024.04.19-11.02.00-Rec.cmcr,True
2024.04.19-11.57.10-Rec.pkl,M:\Python_Project\Data_Processing_2024\Data\2024.04.19-11.57.10-Rec.pkl,2024.04.19-11.57.10,2024.04.19-11.57.10-Rec-.cmtr,Q:\20240419\2024.04.19-11.57.10-Rec-.cmtr,Q:\20240419\2024.04.19-11.57.10-Rec.cmcr,True
2024.04.19-13.14.19-Rec.pkl,M:\Python_Project\Data_Processing_2024\Data\2024.04.19-13.14.19-Rec.pkl,2024.04.19-13.14.19,2024.04.19-13.14.19-Rec-.cmtr,Q:\20240419\2024.04.19-13.14.19-Rec-.cmtr,Q:\20240419\2024.04.19-13.14.19-Rec.cmcr,True
2024.04.19-14.05.09-Rec.pkl,M:\Python_Project\Data_Processing_2024\Data\2024.04.19-14.05.09-Rec.pkl,2024.04.19-14.05.09,2024.04.19-14.05.09-Rec-.cmtr,Q:\20240419\2024.04.19-14.05.09-Rec-.cmtr,Q:\20240419\2024.04.19-14.05.09-Rec.cmcr,True
2024.04.19-14.39.30-Rec.pkl,M:\Python_Project\Data_Processing_2024\Data\2024.04.19-14.39.30-Rec.pkl,2024.04.19-14.39.30,2024.04.19-14.39.30-Rec-.cmtr,Q:\20240419\2024.04.19-14.39.30-Rec-.cmtr,Q:\20240419\2024.04.19-14.39.30-Rec.cmcr,True
2024.05.14-14.12.53-Rec.pkl,M:\Python_Project\Data_Processing_2024\Data\2024.05.14-14.12.53-Rec.pkl,2024.05.14-14.12.53,2024.05.14-14.12.53-Rec-.cmtr,Q:\20240514\2024.05.14-14.12.53-Rec-.cmtr,Q:\20240514\2024.05.14-14.12.53-Rec.cmcr,True
2024.05.14-14.44.53-Rec.pkl,M:\Python_Project\Data_Processing_2024\Data\2024.05.14-14.44.53-Rec.pkl,2024.05.14-14.44.53,2024.05.14-14.44.53-Rec-.cmtr,Q:\20240514\2024.05.14-14.44.53-Rec-.cmtr,Q:\20240514\2024.05.14-14.44.53-Rec.cmcr,True
2024.05.14-15.18.30-Rec.pkl,M:\Python_Project\Data_Processing_2024\Data\2024.05.14-15.18.30-Rec.pkl,2024.05.14-15.18.30,2024.05.14-15.18.30-Rec-.cmtr,Q:\20240514\2024.05.14-15.18.30-Rec-.cmtr,Q:\20240514\2024.05.14-15.18.30-Rec.cmcr,True
2024.05.21-11.53.15-Rec.pkl,M:\Python_Project\Data_Processing_2024\Data\2024.05.21-11.53.15-Rec.pkl,2024.05.21-11.53.15,2024.05.21-11.53.15-Rec-.cmtr,Q:\20240521\2024.05.21-11.53.15-Rec-.cmtr,Q:\20240521\2024.05.21-11.53.15-Rec.cmcr,True
2024.05.21-12.31.12-Rec.pkl,M:\Python_Project\Data_Processing_2024\Data\2024.05.21-12.31.12-Rec.pkl,2024.05.21-12.31.12,2024.05.21-12.31.12-Rec-.cmtr,Q:\20240521\2024.05.21-12.31.12-Rec-.cmtr,Q:\20240521\2024.05.21-12.31.12-Rec.cmcr,True
2024.05.21-13.02.22-Rec.pkl,M:\Python_Project\Data_Processing_2024\Data\2024.05.21-13.02.22-Rec.pkl,2024.05.21-13.02.22,2024.05.21-13.02.22-Rec-.cmtr,Q:\20240521\2024.05.21-13.02.22-Rec-.cmtr,Q:\20240521\2024.05.21-13.02.22-Rec.cmcr,True
2024.05.21-13.34.04-Rec.pkl,M:\Python_Project\Data_Processing_2024\Data\2024.05.21-13.34.04-Rec.pkl,2024.05.21-13.34.04,2024.05.21-13.34.04-Rec-.cmtr,Q:\20240521\2024.05.21-13.34.04-Rec-.cmtr,Q:\20240521\2024.05.21-13.34.04-Rec.cmcr,True
2024.05.21-14.06.58-Rec.pkl,M:\Python_Project\Data_Processing_2024\Data\2024.05.21-14.06.58-Rec.pkl,2024.05.21-14.06.58,2024.05.21-14.06.58-Rec-.cmtr,Q:\20240521\2024.05.21-14.06.58-Rec-.cmtr,Q:\20240521\2024.05.21-14.06.58-Rec.cmcr,True
2024.05.22-09.42.35-Rec.pkl,M:\Python_Project\Data_Processing_2024\Data\2024.05.22-09.42.35-Rec.pkl,2024.05.22-09.42.35,2024.05.22-09.42.35-Rec-.cmtr,Q:\20240522\2024.05.22-09.42.35-Rec-.cmtr,Q:\20240522\2024.05.22-09.42.35-Rec.cmcr,True
2024.05.22-10.18.00-Rec.pkl,M:\Python_Project\Data_Processing_2024\Data\2024.05.22-10.18.00-Rec.pkl,2024.05.22-10.18.00,2024.05.22-10.18.00-Rec-.cmtr,Q:\20240522\2024.05.22-10.18.00-Rec-.cmtr,Q:\20240522\2024.05.22-10.18.00-Rec.cmcr,True
2024.05.22-10.50.51-Rec.pkl,M:\Python_Project\Data_Processing_2024\Data\2024.05.22-10.50.51-Rec.pkl,2024.05.22-10.50.51,2024.05.22-10.50.51-Rec-.cmtr,Q:\20240522\2024.05.22-10.50.51-Rec-.cmtr,Q:\20240522\2024.05.22-10.50.51-Rec.cmcr,True
2024.05.22-11.35.54-Rec.pkl,M:\Python_Project\Data_Processing_2024\Data\2024.05.22-11.35.54-Rec.pkl,2024.05.22-11.35.54,2024.05.22-11.35.54-Rec-.cmtr,Q:\20240522\2024.05.22-11.35.54-Rec-.cmtr,Q:\20240522\2024.05.22-11.35.54-Rec.cmcr,True
2024.05.22-12.43.26-Rec.pkl,M:\Python_Project\Data_Processing_2024\Data\2024.05.22-12.43.26-Rec.pkl,2024.05.22-12.43.26,2024.05.22-12.43.26-Rec-.cmtr,Q:\20240522\2024.05.22-12.43.26-Rec-.cmtr,Q:\20240522\2024.05.22-12.43.26-Rec.cmcr,True
2024.05.22-13.20.15-Rec.pkl,M:\Python_Project\Data_Processing_2024\Data\2024.05.22-13.20.15-Rec.pkl,2024.05.22-13.20.15,2024.05.22-13.20.15-Rec-.cmtr,Q:\20240522\2024.05.22-13.20.15-Rec-.cmtr,Q:\20240522\2024.05.22-13.20.15-Rec.cmcr,True
2024.05.22-14.04.00-Rec.pkl,M:\Python_Project\Data_Processing_2024\Data\2024.05.22-14.04.00-Rec.pkl,2024.05.22-14.04.00,2024.05.22-14.04.00-Rec-.cmtr,Q:\20240522\2024.05.22-14.04.00-Rec-.cmtr,Q:\20240522\2024.05.22-14.04.00-Rec.cmcr,True
2024.05.22-14.46.34-Rec.pkl,M:\Python_Project\Data_Processing_2024\Data\2024.05.22-14.46.34-Rec.pkl,2024.05.22-14.46.34,2024.05.22-14.46.34-Rec-.cmtr,Q:\ipRGC_missing\2024.05.22-14.46.34-Rec-.cmtr,Q:\ipRGC_missing\2024.05.22-14.46.34-Rec.cmcr,True
2024.05.23-09.36.10-Rec.pkl,M:\Python_Project\Data_Processing_2024\Data\2024.05.23-09.36.10-Rec.pkl,2024.05.23-09.36.10,2024.05.23-09.36.10-Rec-.cmtr,Q:\20240523\2024.05.23-09.36.10-Rec-.cmtr,Q:\20240523\2024.05.23-09.36.10-Rec.cmcr,True
2024.05.23-10.09.23-Rec.pkl,M:\Python_Project\Data_Processing_2024\Data\2024.05.23-10.09.23-Rec.pkl,2024.05.23-10.09.23,2024.05.23-10.09.23-Rec-.cmtr,Q:\20240523\2024.05.23-10.09.23-Rec-.cmtr,Q:\20240523\2024.05.23-10.09.23-Rec.cmcr,True
2024.05.23-10.42.21-Rec.pkl,M:\Python_Project\Data_Processing_2024\Data\2024.05.23-10.42.21-Rec.pkl,2024.05.23-10.42.21,2024.05.23-10.42.21-Rec-.cmtr,Q:\20240523\2024.05.23-10.42.21-Rec-.cmtr,Q:\20240523\2024.05.23-10.42.21-Rec.cmcr,True
2024.05.23-11.21.36-Rec.pkl,M:\Python_Project\Data_Processing_2024\Data\2024.05.23-11.21.36-Rec.pkl,2024.05.23-11.21.36,2024.05.23-11.21.36-Rec-.cmtr,Q:\20240523\2024.05.23-11.21.36-Rec-.cmtr,Q:\20240523\2024.05.23-11.21.36-Rec.cmcr,True
2024.05.23-12.05.03-Rec.pkl,M:\Python_Project\Data_Processing_2024\Data\2024.05.23-12.05.03-Rec.pkl,2024.05.23-12.05.03,2024.05.23-12.05.03-Rec-.cmtr,Q:\20240523\2024.05.23-12.05.03-Rec-.cmtr,Q:\20240523\2024.05.23-12.05.03-Rec.cmcr,True
2024.05.23-12.37.42-Rec.pkl,M:\Python_Project\Data_Processing_2024\Data\2024.05.23-12.37.42-Rec.pkl,2024.05.23-12.37.42,2024.05.23-12.37.42-Rec-.cmtr,Q:\20240523\2024.05.23-12.37.42-Rec-.cmtr,Q:\20240523\2024.05.23-12.37.42-Rec.cmcr,True
2024.05.23-13.10.24-Rec.pkl,M:\Python_Project\Data_Processing_2024\Data\2024.05.23-13.10.24-Rec.pkl,2024.05.23-13.10.24,2024.05.23-13.10.24-Rec-.cmtr,Q:\20240523\2024.05.23-13.10.24-Rec-.cmtr,Q:\20240523\2024.05.23-13.10.24-Rec.cmcr,True
2024.05.23-13.53.17-Rec.pkl,M:\Python_Project\Data_Processing_2024\Data\2024.05.23-13.53.17-Rec.pkl,2024.05.23-13.53.17,2024.05.23-13.53.17-Rec-.cmtr,Q:\20240523\2024.05.23-13.53.17-Rec-.cmtr,Q:\20240523\2024.05.23-13.53.17-Rec.cmcr,True
2024.05.23-14.26.39-Rec.pkl,M:\Python_Project\Data_Processing_2024\Data\2024.05.23-14.26.39-Rec.pkl,2024.05.23-14.26.39,2024.05.23-14.26.39-Rec-.cmtr,Q:\20240523\2024.05.23-14.26.39-Rec-.cmtr,Q:\20240523\2024.05.23-14.26.39-Rec.cmcr,True
2024.06.04-09.45.42-Rec.pkl,M:\Python_Project\Data_Processing_2024\Data\2024.06.04-09.45.42-Rec.pkl,2024.06.04-09.45.42,2024.06.04-09.45.42-Rec-.cmtr,Q:\20240604\2024.06.04-09.45.42-Rec-.cmtr,Q:\20240604\2024.06.04-09.45.42-Rec.cmcr,True
2024.06.04-10.43.27-Rec.pkl,M:\Python_Project\Data_Processing_2024\Data\2024.06.04-10.43.27-Rec.pkl,2024.06.04-10.43.27,2024.06.04-10.43.27-Rec-.cmtr,Q:\20240604\2024.06.04-10.43.27-Rec-.cmtr,Q:\20240604\2024.06.04-10.43.27-Rec.cmcr,True
2024.06.04-11.15.50-Rec.pkl,M:\Python_Project\Data_Processing_2024\Data\2024.06.04-11.15.50-Rec.pkl,2024.06.04-11.15.50,2024.06.04-11.15.50-Rec-.cmtr,Q:\20240604\2024.06.04-11.15.50-Rec-.cmtr,Q:\20240604\2024.06.04-11.15.50-Rec.cmcr,True
2024.06.04-11.50.08-Rec.pkl,M:\Python_Project\Data_Processing_2024\Data\2024.06.04-11.50.08-Rec.pkl,2024.06.04-11.50.08,2024.06.04-11.50.08-Rec-.cmtr,Q:\20240604\2024.06.04-11.50.08-Rec-.cmtr,Q:\20240604\2024.06.04-11.50.08-Rec.cmcr,True
2024.06.04-12.24.24-Rec.pkl,M:\Python_Project\Data_Processing_2024\Data\2024.06.04-12.24.24-Rec.pkl,2024.06.04-12.24.24,2024.06.04-12.24.24-Rec-.cmtr,Q:\20240604\2024.06.04-12.24.24-Rec-.cmtr,Q:\20240604\2024.06.04-12.24.24-Rec.cmcr,True
2024.06.04-12.57.25-Rec.pkl,M:\Python_Project\Data_Processing_2024\Data\2024.06.04-12.57.25-Rec.pkl,2024.06.04-12.57.25,2024.06.04-12.57.25-Rec-.cmtr,Q:\20240604\2024.06.04-12.57.25-Rec-.cmtr,Q:\20240604\2024.06.04-12.57.25-Rec.cmcr,True
2024.06.04-13.30.37-Rec.pkl,M:\Python_Project\Data_Processing_2024\Data\2024.06.04-13.30.37-Rec.pkl,2024.06.04-13.30.37,2024.06.04-13.30.37-Rec-.cmtr,Q:\20240604\2024.06.04-13.30.37-Rec-.cmtr,Q:\20240604\2024.06.04-13.30.37-Rec.cmcr,True
2024.06.04-14.03.46-Rec.pkl,M:\Python_Project\Data_Processing_2024\Data\2024.06.04-14.03.46-Rec.pkl,2024.06.04-14.03.46,2024.06.04-14.03.46-Rec-.cmtr,Q:\20240604\2024.06.04-14.03.46-Rec-.cmtr,Q:\20240604\2024.06.04-14.03.46-Rec.cmcr,True
2024.06.04-14.37.14-Rec.pkl,M:\Python_Project\Data_Processing_2024\Data\2024.06.04-14.37.14-Rec.pkl,2024.06.04-14.37.14,2024.06.04-14.37.14-Rec-.cmtr,Q:\20240604\2024.06.04-14.37.14-Rec-.cmtr,Q:\20240604\2024.06.04-14.37.14-Rec.cmcr,True
2024.06.04-15.20.07-Rec.pkl,M:\Python_Project\Data_Processing_2024\Data\2024.06.04-15.20.07-Rec.pkl,2024.06.04-15.20.07,2024.06.04-15.20.07-Rec-.cmtr,Q:\20240604\2024.06.04-15.20.07-Rec-.cmtr,Q:\20240604\2024.06.04-15.20.07-Rec.cmcr,True
2024.06.11-08.01.04-Rec.pkl,M:\Python_Project\Data_Processing_2024\Data\2024.06.11-08.01.04-Rec.pkl,2024.06.11-08.01.04,2024.06.11-08.01.04-Rec-.cmtr,Q:\20240611\2024.06.11-08.01.04-Rec-.cmtr,Q:\20240611\2024.06.11-08.01.04-Rec.cmcr,True
2024.06.11-08.39.51-Rec.pkl,M:\Python_Project\Data_Processing_2024\Data\2024.06.11-08.39.51-Rec.pkl,2024.06.11-08.39.51,2024.06.11-08.39.51-Rec-.cmtr,Q:\20240611\2024.06.11-08.39.51-Rec-.cmtr,Q:\20240611\2024.06.11-08.39.51-Rec.cmcr,True
2024.06.11-09.47.31-Rec.pkl,M:\Python_Project\Data_Processing_2024\Data\2024.06.11-09.47.31-Rec.pkl,2024.06.11-09.47.31,2024.06.11-09.47.31-Rec-.cmtr,Q:\20240611\2024.06.11-09.47.31-Rec-.cmtr,Q:\20240611\2024.06.11-09.47.31-Rec.cmcr,True
2024.06.11-10.28.28-Rec.pkl,M:\Python_Project\Data_Processing_2024\Data\2024.06.11-10.28.28-Rec.pkl,2024.06.11-10.28.28,2024.06.11-10.28.28-Rec-.cmtr,Q:\20240611\2024.06.11-10.28.28-Rec-.cmtr,Q:\20240611\2024.06.11-10.28.28-Rec.cmcr,True
2024.06.11-11.01.08-Rec.pkl,M:\Python_Project\Data_Processing_2024\Data\2024.06.11-11.01.08-Rec.pkl,2024.06.11-11.01.08,2024.06.11-11.01.08-Rec-.cmtr,Q:\20240611\2024.06.11-11.01.08-Rec-.cmtr,Q:\20240611\2024.06.11-11.01.08-Rec.cmcr,True
2024.06.11-11.33.43-Rec.pkl,M:\Python_Project\Data_Processing_2024\Data\2024.06.11-11.33.43-Rec.pkl,2024.06.11-11.33.43,2024.06.11-11.33.43-Rec-.cmtr,Q:\20240611\2024.06.11-11.33.43-Rec-.cmtr,Q:\20240611\2024.06.11-11.33.43-Rec.cmcr,True
2024.06.11-12.06.21-Rec.pkl,M:\Python_Project\Data_Processing_2024\Data\2024.06.11-12.06.21-Rec.pkl,2024.06.11-12.06.21,2024.06.11-12.06.21-Rec-.cmtr,Q:\20240611\2024.06.11-12.06.21-Rec-.cmtr,Q:\20240611\2024.06.11-12.06.21-Rec.cmcr,True
2024.06.11-12.38.50-Rec.pkl,M:\Python_Project\Data_Processing_2024\Data\2024.06.11-12.38.50-Rec.pkl,2024.06.11-12.38.50,2024.06.11-12.38.50-Rec-.cmtr,Q:\20240611\2024.06.11-12.38.50-Rec-.cmtr,Q:\20240611\2024.06.11-12.38.50-Rec.cmcr,True
2024.06.11-13.12.42-Rec.pkl,M:\Python_Project\Data_Processing_2024\Data\2024.06.11-13.12.42-Rec.pkl,2024.06.11-13.12.42,2024.06.11-13.12.42-Rec-.cmtr,Q:\20240611\2024.06.11-13.12.42-Rec-.cmtr,Q:\20240611\2024.06.11-13.12.42-Rec.cmcr,True
2024.06.11-13.46.43-Rec.pkl,M:\Python_Project\Data_Processing_2024\Data\2024.06.11-13.46.43-Rec.pkl,2024.06.11-13.46.43,2024.06.11-13.46.43-Rec-.cmtr,Q:\20240611\2024.06.11-13.46.43-Rec-.cmtr,Q:\20240611\2024.06.11-13.46.43-Rec.cmcr,True
2024.06.11-14.22.27-Rec.pkl,M:\Python_Project\Data_Processing_2024\Data\2024.06.11-14.22.27-Rec.pkl,2024.06.11-14.22.27,2024.06.11-14.22.27-Rec-.cmtr,Q:\20240611\2024.06.11-14.22.27-Rec-.cmtr,Q:\20240611\2024.06.11-14.22.27-Rec.cmcr,True
2024.06.18-09.23.13-Rec.pkl,M:\Python_Project\Data_Processing_2024\Data\2024.06.18-09.23.13-Rec.pkl,2024.06.18-09.23.13,2024.06.18-09.23.13-Rec-.cmtr,Q:\20240618\2024.06.18-09.23.13-Rec-.cmtr,Q:\20240618\2024.06.18-09.23.13-Rec.cmcr,True
2024.06.18-09.57.58-Rec.pkl,M:\Python_Project\Data_Processing_2024\Data\2024.06.18-09.57.58-Rec.pkl,2024.06.18-09.57.58,2024.06.18-09.57.58-Rec-.cmtr,Q:\20240618\2024.06.18-09.57.58-Rec-.cmtr,Q:\20240618\2024.06.18-09.57.58-Rec.cmcr,True
2024.06.18-10.42.54-Rec.pkl,M:\Python_Project\Data_Processing_2024\Data\2024.06.18-10.42.54-Rec.pkl,2024.06.18-10.42.54,2024.06.18-10.42.54-Rec-.cmtr,Q:\20240618\2024.06.18-10.42.54-Rec-.cmtr,Q:\20240618\2024.06.18-10.42.54-Rec.cmcr,True
2024.06.18-11.16.04-Rec.pkl,M:\Python_Project\Data_Processing_2024\Data\2024.06.18-11.16.04-Rec.pkl,2024.06.18-11.16.04,2024.06.18-11.16.04-Rec-.cmtr,Q:\20240618\2024.06.18-11.16.04-Rec-.cmtr,Q:\20240618\2024.06.18-11.16.04-Rec.cmcr,True
2024.06.18-11.49.06-Rec.pkl,M:\Python_Project\Data_Processing_2024\Data\2024.06.18-11.49.06-Rec.pkl,2024.06.18-11.49.06,2024.06.18-11.49.06-Rec-.cmtr,Q:\20240618\2024.06.18-11.49.06-Rec-.cmtr,Q:\20240618\2024.06.18-11.49.06-Rec.cmcr,True
2024.06.18-12.21.46-Rec.pkl,M:\Python_Project\Data_Processing_2024\Data\2024.06.18-12.21.46-Rec.pkl,2024.06.18-12.21.46,2024.06.18-12.21.46-Rec-.cmtr,Q:\20240618\2024.06.18-12.21.46-Rec-.cmtr,Q:\20240618\2024.06.18-12.21.46-Rec.cmcr,True
2024.06.18-12.56.24-Rec.pkl,M:\Python_Project\Data_Processing_2024\Data\2024.06.18-12.56.24-Rec.pkl,2024.06.18-12.56.24,2024.06.18-12.56.24-Rec-.cmtr,Q:\20240618\2024.06.18-12.56.24-Rec-.cmtr,Q:\20240618\2024.06.18-12.56.24-Rec.cmcr,True
2024.06.18-13.53.43-Rec.pkl,M:\Python_Project\Data_Processing_2024\Data\2024.06.18-13.53.43-Rec.pkl,2024.06.18-13.53.43,2024.06.18-13.53.43-Rec-.cmtr,Q:\20240618\2024.06.18-13.53.43-Rec-.cmtr,Q:\20240618\2024.06.18-13.53.43-Rec.cmcr,True
2024.07.12-09.37.52-Rec.pkl,M:\Python_Project\Data_Processing_2024\Data\2024.07.12-09.37.52-Rec.pkl,2024.07.12-09.37.52,2024.07.12-09.37.52-Rec-.cmtr,Q:\20240712_ipRGC\sorting_middle_level\2024.07.12-09.37.52-Rec-.cmtr,,False
2024.07.12-10.36.55-Rec.pkl,M:\Python_Project\Data_Processing_2024\Data\2024.07.12-10.36.55-Rec.pkl,2024.07.12-10.36.55,2024.07.12-10.36.55-Rec-.cmtr,Q:\20240712_ipRGC\sorting_middle_level\2024.07.12-10.36.55-Rec-.cmtr,,False
2024.07.12-11.16.01-Rec.pkl,M:\Python_Project\Data_Processing_2024\Data\2024.07.12-11.16.01-Rec.pkl,2024.07.12-11.16.01,2024.07.12-11.16.01-Rec-.cmtr,Q:\20240712_ipRGC\2024.07.12-11.16.01-Rec-.cmtr,Q:\20240712_ipRGC\2024.07.12-11.16.01-Rec.cmcr,True
2024.07.31-11.01.07-Rec.pkl,M:\Python_Project\Data_Processing_2024\Data\2024.07.31-11.01.07-Rec.pkl,2024.07.31-11.01.07,2024.07.31-11.01.07-Rec-.cmtr,Q:\20240731_ipRGC\2024.07.31-11.01.07-Rec-.cmtr,Q:\20240731_ipRGC\2024.07.31-11.01.07-Rec.cmcr,True
2024.07.31-11.55.38-Rec.pkl,M:\Python_Project\Data_Processing_2024\Data\2024.07.31-11.55.38-Rec.pkl,2024.07.31-11.55.38,2024.07.31-11.55.38-Rec-.cmtr,Q:\20240731_ipRGC\2024.07.31-11.55.38-Rec-.cmtr,Q:\20240731_ipRGC\2024.07.31-11.55.38-Rec.cmcr,True
2024.07.31-12.42.04-Rec.pkl,M:\Python_Project\Data_Processing_2024\Data\2024.07.31-12.42.04-Rec.pkl,2024.07.31-12.42.04,2024.07.31-12.42.04-Rec-.cmtr,Q:\20240731_ipRGC\2024.07.31-12.42.04-Rec-.cmtr,Q:\20240731_ipRGC\2024.07.31-12.42.04-Rec.cmcr,True
2024.08.07-09.46.47-Rec.pkl,M:\Python_Project\Data_Processing_2024\Data\2024.08.07-09.46.47-Rec.pkl,2024.08.07-09.46.47,2024.08.07-09.46.47-Rec-.cmtr,Q:\20240807_Vglu\2024.08.07-09.46.47-Rec-.cmtr,Q:\20240807_Vglu\2024.08.07-09.46.47-Rec.cmcr,True
2024.08.07-10.26.25-Rec.pkl,M:\Python_Project\Data_Processing_2024\Data\2024.08.07-10.26.25-Rec.pkl,2024.08.07-10.26.25,2024.08.07-10.26.25-Rec-.cmtr,Q:\20240807_Vglu\2024.08.07-10.26.25-Rec-.cmtr,Q:\20240807_Vglu\2024.08.07-10.26.25-Rec.cmcr,True
2024.08.07-11.01.43-Rec.pkl,M:\Python_Project\Data_Processing_2024\Data\2024.08.07-11.01.43-Rec.pkl,2024.08.07-11.01.43,2024.08.07-11.01.43-Rec-.cmtr,Q:\20240807_Vglu\2024.08.07-11.01.43-Rec-.cmtr,Q:\20240807_Vglu\2024.08.07-11.01.43-Rec.cmcr,True
2024.08.07-11.36.05-Rec.pkl,M:\Python_Project\Data_Processing_2024\Data\2024.08.07-11.36.05-Rec.pkl,2024.08.07-11.36.05,2024.08.07-11.36.05-Rec-.cmtr,Q:\20240807_Vglu\2024.08.07-11.36.05-Rec-.cmtr,Q:\20240807_Vglu\2024.08.07-11.36.05-Rec.cmcr,True
2024.08.08-10.06.06-Rec.pkl,M:\Python_Project\Data_Processing_2024\Data\2024.08.08-10.06.06-Rec.pkl,2024.08.08-10.06.06,2024.08.08-10.06.06-Rec-.cmtr,Q:\20240808_ipRGC\2024.08.08-10.06.06-Rec-.cmtr,Q:\20240808_ipRGC\2024.08.08-10.06.06-Rec.cmcr,True
2024.08.08-10.40.20-Rec.pkl,M:\Python_Project\Data_Processing_2024\Data\2024.08.08-10.40.20-Rec.pkl,2024.08.08-10.40.20,2024.08.08-10.40.20-Rec-.cmtr,Q:\20240808_ipRGC\2024.08.08-10.40.20-Rec-.cmtr,Q:\20240808_ipRGC\2024.08.08-10.40.20-Rec.cmcr,True
2024.08.08-11.19.12-Rec.pkl,M:\Python_Project\Data_Processing_2024\Data\2024.08.08-11.19.12-Rec.pkl,2024.08.08-11.19.12,2024.08.08-11.19.12-Rec-.cmtr,Q:\20240808_ipRGC\2024.08.08-11.19.12-Rec-.cmtr,Q:\20240808_ipRGC\2024.08.08-11.19.12-Rec.cmcr,True
2024.08.08-11.59.49-Rec.pkl,M:\Python_Project\Data_Processing_2024\Data\2024.08.08-11.59.49-Rec.pkl,2024.08.08-11.59.49,2024.08.08-11.59.49-Rec-.cmtr,Q:\20240808_ipRGC\2024.08.08-11.59.49-Rec-.cmtr,Q:\20240808_ipRGC\2024.08.08-11.59.49-Rec.cmcr,True
2024.08.08-12.55.52-Rec.pkl,M:\Python_Project\Data_Processing_2024\Data\2024.08.08-12.55.52-Rec.pkl,2024.08.08-12.55.52,2024.08.08-12.55.52-Rec-.cmtr,Q:\20240808_ipRGC\2024.08.08-12.55.52-Rec-.cmtr,Q:\20240808_ipRGC\2024.08.08-12.55.52-Rec.cmcr,True
2024.08.08-14.03.33-Rec.pkl,M:\Python_Project\Data_Processing_2024\Data\2024.08.08-14.03.33-Rec.pkl,2024.08.08-14.03.33,2024.08.08-14.03.33-Rec-.cmtr,Q:\20240808_ipRGC\2024.08.08-14.03.33-Rec-.cmtr,Q:\20240808_ipRGC\2024.08.08-14.03.33-Rec.cmcr,True
2024.08.14-11.00.01-Rec.pkl,M:\Python_Project\Data_Processing_2024\Data\2024.08.14-11.00.01-Rec.pkl,2024.08.14-11.00.01,2024.08.14-11.00.01-Rec-.cmtr,R:\20240814_ipRGC\2024.08.14-11.00.01-Rec-.cmtr,R:\20240814_ipRGC\2024.08.14-11.00.01-Rec.cmcr,True
2024.08.14-11.33.08-Rec.pkl,M:\Python_Project\Data_Processing_2024\Data\2024.08.14-11.33.08-Rec.pkl,2024.08.14-11.33.08,2024.08.14-11.33.08-Rec-.cmtr,R:\20240814_ipRGC\2024.08.14-11.33.08-Rec-.cmtr,R:\20240814_ipRGC\2024.08.14-11.33.08-Rec.cmcr,True
2024.08.14-12.10.18-Rec.pkl,M:\Python_Project\Data_Processing_2024\Data\2024.08.14-12.10.18-Rec.pkl,2024.08.14-12.10.18,2024.08.14-12.10.18-Rec-.cmtr,R:\20240814_ipRGC\2024.08.14-12.10.18-Rec-.cmtr,R:\20240814_ipRGC\2024.08.14-12.10.18-Rec.cmcr,True
2024.08.14-12.46.48-Rec.pkl,M:\Python_Project\Data_Processing_2024\Data\2024.08.14-12.46.48-Rec.pkl,2024.08.14-12.46.48,2024.08.14-12.46.48-Rec-.cmtr,R:\20240814_ipRGC\2024.08.14-12.46.48-Rec-.cmtr,R:\20240814_ipRGC\2024.08.14-12.46.48-Rec.cmcr,True
2024.08.14-13.24.54-Rec.pkl,M:\Python_Project\Data_Processing_2024\Data\2024.08.14-13.24.54-Rec.pkl,2024.08.14-13.24.54,2024.08.14-13.24.54-Rec-.cmtr,R:\20240814_ipRGC\2024.08.14-13.24.54-Rec-.cmtr,R:\20240814_ipRGC\2024.08.14-13.24.54-Rec.cmcr,True
2024.09.04-10.31.37-Rec.pkl,M:\Python_Project\Data_Processing_2024\Data\2024.09.04-10.31.37-Rec.pkl,2024.09.04-10.31.37,2024.09.04-10.31.37-Rec-.cmtr,R:\20240904\2024.09.04-10.31.37-Rec-.cmtr,R:\20240904\2024.09.04-10.31.37-Rec.cmcr,True
2024.09.04-11.05.49-Rec.pkl,M:\Python_Project\Data_Processing_2024\Data\2024.09.04-11.05.49-Rec.pkl,2024.09.04-11.05.49,2024.09.04-11.05.49-Rec-.cmtr,R:\20240904\2024.09.04-11.05.49-Rec-.cmtr,R:\20240904\2024.09.04-11.05.49-Rec.cmcr,True
2024.09.04-11.53.48-Rec.pkl,M:\Python_Project\Data_Processing_2024\Data\2024.09.04-11.53.48-Rec.pkl,2024.09.04-11.53.48,2024.09.04-11.53.48-Rec-.cmtr,R:\20240904\2024.09.04-11.53.48-Rec-.cmtr,R:\20240904\2024.09.04-11.53.48-Rec.cmcr,True
2024.09.04-12.40.25-Rec.pkl,M:\Python_Project\Data_Processing_2024\Data\2024.09.04-12.40.25-Rec.pkl,2024.09.04-12.40.25,2024.09.04-12.40.25-Rec-.cmtr,R:\20240904\2024.09.04-12.40.25-Rec-.cmtr,R:\20240904\2024.09.04-12.40.25-Rec.cmcr,True
2024.09.04-13.27.17-Rec.pkl,M:\Python_Project\Data_Processing_2024\Data\2024.09.04-13.27.17-Rec.pkl,2024.09.04-13.27.17,2024.09.04-13.27.17-Rec-.cmtr,R:\20240904\2024.09.04-13.27.17-Rec-.cmtr,R:\20240904\2024.09.04-13.27.17-Rec.cmcr,True
2024.09.04-14.15.57-Rec.pkl,M:\Python_Project\Data_Processing_2024\Data\2024.09.04-14.15.57-Rec.pkl,2024.09.04-14.15.57,2024.09.04-14.15.57-Rec-.cmtr,R:\20240904\2024.09.04-14.15.57-Rec-.cmtr,R:\20240904\2024.09.04-14.15.57-Rec.cmcr,True
2024.09.04-14.48.49-Rec.pkl,M:\Python_Project\Data_Processing_2024\Data\2024.09.04-14.48.49-Rec.pkl,2024.09.04-14.48.49,2024.09.04-14.48.49-Rec-.cmtr,R:\20240904\2024.09.04-14.48.49-Rec-.cmtr,R:\20240904\2024.09.04-14.48.49-Rec.cmcr,True
2024.09.04-15.22.08-Rec.pkl,M:\Python_Project\Data_Processing_2024\Data\2024.09.04-15.22.08-Rec.pkl,2024.09.04-15.22.08,2024.09.04-15.22.08-Rec-.cmtr,R:\20240904\2024.09.04-15.22.08-Rec-.cmtr,R:\20240904\2024.09.04-15.22.08-Rec.cmcr,True
2024.09.04-16.08.09-Rec.pkl,M:\Python_Project\Data_Processing_2024\Data\2024.09.04-16.08.09-Rec.pkl,2024.09.04-16.08.09,2024.09.04-16.08.09-Rec-.cmtr,R:\20240904\2024.09.04-16.08.09-Rec-.cmtr,R:\20240904\2024.09.04-16.08.09-Rec.cmcr,True
2024.09.04-16.44.26-Rec.pkl,M:\Python_Project\Data_Processing_2024\Data\2024.09.04-16.44.26-Rec.pkl,2024.09.04-16.44.26,2024.09.04-16.44.26-Rec-.cmtr,R:\20240904\2024.09.04-16.44.26-Rec-.cmtr,R:\20240904\2024.09.04-16.44.26-Rec.cmcr,True
2024.09.06-11.22.50-Rec.pkl,M:\Python_Project\Data_Processing_2024\Data\2024.09.06-11.22.50-Rec.pkl,2024.09.06-11.22.50,2024.09.06-11.22.50-Rec-.cmtr,R:\20240906\2024.09.06-11.22.50-Rec-.cmtr,R:\20240906\2024.09.06-11.22.50-Rec.cmcr,True
2024.09.06-12.15.46-Rec.pkl,M:\Python_Project\Data_Processing_2024\Data\2024.09.06-12.15.46-Rec.pkl,2024.09.06-12.15.46,2024.09.06-12.15.46-Rec-.cmtr,R:\20240906\2024.09.06-12.15.46-Rec-.cmtr,R:\20240906\2024.09.06-12.15.46-Rec.cmcr,True
2024.09.06-12.49.12-Rec.pkl,M:\Python_Project\Data_Processing_2024\Data\2024.09.06-12.49.12-Rec.pkl,2024.09.06-12.49.12,2024.09.06-12.49.12-Rec-.cmtr,R:\20240906\2024.09.06-12.49.12-Rec-.cmtr,R:\20240906\2024.09.06-12.49.12-Rec.cmcr,True
2024.09.06-13.22.11-Rec.pkl,M:\Python_Project\Data_Processing_2024\Data\2024.09.06-13.22.11-Rec.pkl,2024.09.06-13.22.11,2024.09.06-13.22.11-Rec-.cmtr,R:\20240906\2024.09.06-13.22.11-Rec-.cmtr,R:\20240906\2024.09.06-13.22.11-Rec.cmcr,True
2024.09.06-14.22.12-Rec.pkl,M:\Python_Project\Data_Processing_2024\Data\2024.09.06-14.22.12-Rec.pkl,2024.09.06-14.22.12,2024.09.06-14.22.12-Rec-.cmtr,R:\20240906\2024.09.06-14.22.12-Rec-.cmtr,R:\20240906\2024.09.06-14.22.12-Rec.cmcr,True
2024.09.10-09.34.29-Rec.pkl,M:\Python_Project\Data_Processing_2024\Data\2024.09.10-09.34.29-Rec.pkl,2024.09.10-09.34.29,2024.09.10-09.34.29-Rec-.cmtr,R:\20240910\2024.09.10-09.34.29-Rec-.cmtr,R:\20240910\2024.09.10-09.34.29-Rec.cmcr,True
2024.09.10-10.12.45-Rec.pkl,M:\Python_Project\Data_Processing_2024\Data\2024.09.10-10.12.45-Rec.pkl,2024.09.10-10.12.45,2024.09.10-10.12.45-Rec-.cmtr,R:\20240910\2024.09.10-10.12.45-Rec-.cmtr,R:\20240910\2024.09.10-10.12.45-Rec.cmcr,True
2024.09.10-10.48.14-Rec.pkl,M:\Python_Project\Data_Processing_2024\Data\2024.09.10-10.48.14-Rec.pkl,2024.09.10-10.48.14,2024.09.10-10.48.14-Rec-.cmtr,R:\20240910\2024.09.10-10.48.14-Rec-.cmtr,R:\20240910\2024.09.10-10.48.14-Rec.cmcr,True
2024.09.10-11.32.31-Rec.pkl,M:\Python_Project\Data_Processing_2024\Data\2024.09.10-11.32.31-Rec.pkl,2024.09.10-11.32.31,2024.09.10-11.32.31-Rec-.cmtr,R:\20240910\2024.09.10-11.32.31-Rec-.cmtr,R:\20240910\2024.09.10-11.32.31-Rec.cmcr,True
2024.09.10-12.21.16-Rec.pkl,M:\Python_Project\Data_Processing_2024\Data\2024.09.10-12.21.16-Rec.pkl,2024.09.10-12.21.16,2024.09.10-12.21.16-Rec-.cmtr,R:\20240910\2024.09.10-12.21.16-Rec-.cmtr,R:\20240910\2024.09.10-12.21.16-Rec.cmcr,True
2024.09.10-12.57.23-Rec.pkl,M:\Python_Project\Data_Processing_2024\Data\2024.09.10-12.57.23-Rec.pkl,2024.09.10-12.57.23,2024.09.10-12.57.23-Rec-.cmtr,R:\20240910\2024.09.10-12.57.23-Rec-.cmtr,R:\20240910\2024.09.10-12.57.23-Rec.cmcr,True
2024.09.10-13.33.29-Rec.pkl,M:\Python_Project\Data_Processing_2024\Data\2024.09.10-13.33.29-Rec.pkl,2024.09.10-13.33.29,2024.09.10-13.33.29-Rec-.cmtr,R:\20240910\2024.09.10-13.33.29-Rec-.cmtr,R:\20240910\2024.09.10-13.33.29-Rec.cmcr,True
2024.09.10-14.41.01-Rec.pkl,M:\Python_Project\Data_Processing_2024\Data\2024.09.10-14.41.01-Rec.pkl,2024.09.10-14.41.01,2024.09.10-14.41.01-Rec-.cmtr,R:\20240910\2024.09.10-14.41.01-Rec-.cmtr,R:\20240910\2024.09.10-14.41.01-Rec.cmcr,True
2024.09.10-15.16.40-Rec.pkl,M:\Python_Project\Data_Processing_2024\Data\2024.09.10-15.16.40-Rec.pkl,2024.09.10-15.16.40,2024.09.10-15.16.40-Rec-.cmtr,R:\20240910\2024.09.10-15.16.40-Rec-.cmtr,R:\20240910\2024.09.10-15.16.40-Rec.cmcr,True
2024.09.10-15.50.29-Rec.pkl,M:\Python_Project\Data_Processing_2024\Data\2024.09.10-15.50.29-Rec.pkl,2024.09.10-15.50.29,2024.09.10-15.50.29-Rec-.cmtr,R:\20240910\2024.09.10-15.50.29-Rec-.cmtr,R:\20240910\2024.09.10-15.50.29-Rec.cmcr,True
2024.09.10-16.25.52-Rec.pkl,M:\Python_Project\Data_Processing_2024\Data\2024.09.10-16.25.52-Rec.pkl,2024.09.10-16.25.52,2024.09.10-16.25.52-Rec-.cmtr,R:\20240910\2024.09.10-16.25.52-Rec-.cmtr,R:\20240910\2024.09.10-16.25.52-Rec.cmcr,True
2024.09.13-11.09.24-Rec.pkl,M:\Python_Project\Data_Processing_2024\Data\2024.09.13-11.09.24-Rec.pkl,2024.09.13-11.09.24,2024.09.13-11.09.24-Rec-.cmtr,R:\20240913\2024.09.13-11.09.24-Rec-.cmtr,R:\20240913\2024.09.13-11.09.24-Rec.cmcr,True
2024.09.13-11.45.30-Rec.pkl,M:\Python_Project\Data_Processing_2024\Data\2024.09.13-11.45.30-Rec.pkl,2024.09.13-11.45.30,2024.09.13-11.45.30-Rec-.cmtr,R:\20240913\2024.09.13-11.45.30-Rec-.cmtr,R:\20240913\2024.09.13-11.45.30-Rec.cmcr,True
2024.09.13-12.20.10-Rec.pkl,M:\Python_Project\Data_Processing_2024\Data\2024.09.13-12.20.10-Rec.pkl,2024.09.13-12.20.10,2024.09.13-12.20.10-Rec-.cmtr,R:\20240913\2024.09.13-12.20.10-Rec-.cmtr,R:\20240913\2024.09.13-12.20.10-Rec.cmcr,True
2024.09.17-10.09.28-Rec.pkl,M:\Python_Project\Data_Processing_2024\Data\2024.09.17-10.09.28-Rec.pkl,2024.09.17-10.09.28,2024.09.17-10.09.28-Rec-.cmtr,R:\20240917\2024.09.17-10.09.28-Rec-.cmtr,R:\20240917\2024.09.17-10.09.28-Rec.cmcr,True
2024.09.17-10.44.42-Rec.pkl,M:\Python_Project\Data_Processing_2024\Data\2024.09.17-10.44.42-Rec.pkl,2024.09.17-10.44.42,2024.09.17-10.44.42-Rec-.cmtr,R:\20240917\2024.09.17-10.44.42-Rec-.cmtr,R:\20240917\2024.09.17-10.44.42-Rec.cmcr,True
2024.09.17-11.22.40-Rec.pkl,M:\Python_Project\Data_Processing_2024\Data\2024.09.17-11.22.40-Rec.pkl,2024.09.17-11.22.40,2024.09.17-11.22.40-Rec-.cmtr,R:\20240917\2024.09.17-11.22.40-Rec-.cmtr,R:\20240917\2024.09.17-11.22.40-Rec.cmcr,True
2024.09.17-11.53.58-Rec.pkl,M:\Python_Project\Data_Processing_2024\Data\2024.09.17-11.53.58-Rec.pkl,2024.09.17-11.53.58,2024.09.17-11.53.58-Rec-.cmtr,R:\20240917\2024.09.17-11.53.58-Rec-.cmtr,R:\20240917\2024.09.17-11.53.58-Rec.cmcr,True
2024.09.17-12.25.28-Rec.pkl,M:\Python_Project\Data_Processing_2024\Data\2024.09.17-12.25.28-Rec.pkl,2024.09.17-12.25.28,2024.09.17-12.25.28-Rec-.cmtr,R:\20240917\2024.09.17-12.25.28-Rec-.cmtr,R:\20240917\2024.09.17-12.25.28-Rec.cmcr,True
2024.09.17-13.02.32-Rec.pkl,M:\Python_Project\Data_Processing_2024\Data\2024.09.17-13.02.32-Rec.pkl,2024.09.17-13.02.32,2024.09.17-13.02.32-Rec-.cmtr,R:\20240917\2024.09.17-13.02.32-Rec-.cmtr,R:\20240917\2024.09.17-13.02.32-Rec.cmcr,True
2024.09.17-13.35.33-Rec.pkl,M:\Python_Project\Data_Processing_2024\Data\2024.09.17-13.35.33-Rec.pkl,2024.09.17-13.35.33,2024.09.17-13.35.33-Rec-.cmtr,R:\20240917\2024.09.17-13.35.33-Rec-.cmtr,R:\20240917\2024.09.17-13.35.33-Rec.cmcr,True
2024.09.17-14.08.58-Rec.pkl,M:\Python_Project\Data_Processing_2024\Data\2024.09.17-14.08.58-Rec.pkl,2024.09.17-14.08.58,2024.09.17-14.08.58-Rec-.cmtr,R:\20240917\2024.09.17-14.08.58-Rec-.cmtr,R:\20240917\2024.09.17-14.08.58-Rec.cmcr,True
2024.09.17-14.39.53-Rec.pkl,M:\Python_Project\Data_Processing_2024\Data\2024.09.17-14.39.53-Rec.pkl,2024.09.17-14.39.53,2024.09.17-14.39.53-Rec-.cmtr,R:\20240917\2024.09.17-14.39.53-Rec-.cmtr,R:\20240917\2024.09.17-14.39.53-Rec.cmcr,True
2024.09.17-15.42.55-Rec.pkl,M:\Python_Project\Data_Processing_2024\Data\2024.09.17-15.42.55-Rec.pkl,2024.09.17-15.42.55,2024.09.17-15.42.55-Rec-.cmtr,R:\20240917\2024.09.17-15.42.55-Rec-.cmtr,R:\20240917\2024.09.17-15.42.55-Rec.cmcr,True
2024.09.18-09.59.38-Rec.pkl,M:\Python_Project\Data_Processing_2024\Data\2024.09.18-09.59.38-Rec.pkl,2024.09.18-09.59.38,2024.09.18-09.59.38-Rec-.cmtr,R:\20240918\2024.09.18-09.59.38-Rec-.cmtr,R:\20240918\2024.09.18-09.59.38-Rec.cmcr,True
2024.09.18-10.33.30-Rec.pkl,M:\Python_Project\Data_Processing_2024\Data\2024.09.18-10.33.30-Rec.pkl,2024.09.18-10.33.30,2024.09.18-10.33.30-Rec-.cmtr,R:\20240918\2024.09.18-10.33.30-Rec-.cmtr,R:\20240918\2024.09.18-10.33.30-Rec.cmcr,True
2024.09.18-11.05.45-Rec.pkl,M:\Python_Project\Data_Processing_2024\Data\2024.09.18-11.05.45-Rec.pkl,2024.09.18-11.05.45,2024.09.18-11.05.45-Rec-.cmtr,R:\20240918\2024.09.18-11.05.45-Rec-.cmtr,R:\20240918\2024.09.18-11.05.45-Rec.cmcr,True
2024.09.18-11.39.18-Rec.pkl,M:\Python_Project\Data_Processing_2024\Data\2024.09.18-11.39.18-Rec.pkl,2024.09.18-11.39.18,2024.09.18-11.39.18-Rec-.cmtr,R:\20240918\2024.09.18-11.39.18-Rec-.cmtr,R:\20240918\2024.09.18-11.39.18-Rec.cmcr,True
2024.09.18-12.17.43-Rec.pkl,M:\Python_Project\Data_Processing_2024\Data\2024.09.18-12.17.43-Rec.pkl,2024.09.18-12.17.43,2024.09.18-12.17.43-Rec-.cmtr,R:\20240918\2024.09.18-12.17.43-Rec-.cmtr,R:\20240918\2024.09.18-12.17.43-Rec.cmcr,True
2024.09.18-12.49.24-Rec.pkl,M:\Python_Project\Data_Processing_2024\Data\2024.09.18-12.49.24-Rec.pkl,2024.09.18-12.49.24,2024.09.18-12.49.24-Rec-.cmtr,R:\20240918\2024.09.18-12.49.24-Rec-.cmtr,R:\20240918\2024.09.18-12.49.24-Rec.cmcr,True
2024.09.18-13.24.10-Rec.pkl,M:\Python_Project\Data_Processing_2024\Data\2024.09.18-13.24.10-Rec.pkl,2024.09.18-13.24.10,2024.09.18-13.24.10-Rec-.cmtr,R:\20240918\2024.09.18-13.24.10-Rec-.cmtr,R:\20240918\2024.09.18-13.24.10-Rec.cmcr,True
2024.09.18-13.57.33-Rec.pkl,M:\Python_Project\Data_Processing_2024\Data\2024.09.18-13.57.33-Rec.pkl,2024.09.18-13.57.33,2024.09.18-13.57.33-Rec-.cmtr,R:\20240918\2024.09.18-13.57.33-Rec-.cmtr,R:\20240918\2024.09.18-13.57.33-Rec.cmcr,True
2024.09.24-10.09.18-Rec.pkl,M:\Python_Project\Data_Processing_2024\Data\2024.09.24-10.09.18-Rec.pkl,2024.09.24-10.09.18,2024.09.24-10.09.18-Rec-.cmtr,R:\20240924\2024.09.24-10.09.18-Rec-.cmtr,R:\20240924\2024.09.24-10.09.18-Rec.cmcr,True
2024.09.24-11.29.53-Rec.pkl,M:\Python_Project\Data_Processing_2024\Data\2024.09.24-11.29.53-Rec.pkl,2024.09.24-11.29.53,2024.09.24-11.29.53-Rec-.cmtr,R:\20240924\2024.09.24-11.29.53-Rec-.cmtr,R:\20240924\2024.09.24-11.29.53-Rec.cmcr,True
2024.09.24-12.15.09-Rec.pkl,M:\Python_Project\Data_Processing_2024\Data\2024.09.24-12.15.09-Rec.pkl,2024.09.24-12.15.09,2024.09.24-12.15.09-Rec-.cmtr,R:\20240924\2024.09.24-12.15.09-Rec-.cmtr,R:\20240924\2024.09.24-12.15.09-Rec.cmcr,True
2024.09.24-12.47.15-Rec.pkl,M:\Python_Project\Data_Processing_2024\Data\2024.09.24-12.47.15-Rec.pkl,2024.09.24-12.47.15,2024.09.24-12.47.15-Rec-.cmtr,R:\20240924\2024.09.24-12.47.15-Rec-.cmtr,R:\20240924\2024.09.24-12.47.15-Rec.cmcr,True
2024.09.24-13.28.45-Rec.pkl,M:\Python_Project\Data_Processing_2024\Data\2024.09.24-13.28.45-Rec.pkl,2024.09.24-13.28.45,2024.09.24-13.28.45-Rec-.cmtr,R:\20240924\2024.09.24-13.28.45-Rec-.cmtr,R:\20240924\2024.09.24-13.28.45-Rec.cmcr,True
2024.09.24-14.01.33-Rec.pkl,M:\Python_Project\Data_Processing_2024\Data\2024.09.24-14.01.33-Rec.pkl,2024.09.24-14.01.33,2024.09.24-14.01.33-Rec-.cmtr,R:\20240924\2024.09.24-14.01.33-Rec-.cmtr,R:\20240924\2024.09.24-14.01.33-Rec.cmcr,True
2025.02.04-12.02.06-Rec.pkl,M:\Python_Project\Data_Processing_2024\Data\2025.02.04-12.02.06-Rec.pkl,2025.02.04-12.02.06,2025.02.04-12.02.06-Rec-.cmtr,R:\20250204\set6\2025.02.04-12.02.06-Rec-.cmtr,R:\20250204\set6\2025.02.04-12.02.06-Rec.cmcr,True
2025.02.04-12.37.50-Rec.pkl,M:\Python_Project\Data_Processing_2024\Data\2025.02.04-12.37.50-Rec.pkl,2025.02.04-12.37.50,2025.02.04-12.37.50-Rec-.cmtr,R:\20250204\set6\2025.02.04-12.37.50-Rec-.cmtr,R:\20250204\set6\2025.02.04-12.37.50-Rec.cmcr,True
2025.02.04-13.48.12-Rec.pkl,M:\Python_Project\Data_Processing_2024\Data\2025.02.04-13.48.12-Rec.pkl,2025.02.04-13.48.12,2025.02.04-13.48.12-Rec-.cmtr,R:\20250204\set6\2025.02.04-13.48.12-Rec-.cmtr,R:\20250204\set6\2025.02.04-13.48.12-Rec.cmcr,True
2025.02.04-14.22.01-Rec.pkl,M:\Python_Project\Data_Processing_2024\Data\2025.02.04-14.22.01-Rec.pkl,2025.02.04-14.22.01,2025.02.04-14.22.01-Rec-.cmtr,R:\20250204\set6\2025.02.04-14.22.01-Rec-.cmtr,R:\20250204\set6\2025.02.04-14.22.01-Rec.cmcr,True
2025.02.04-14.56.00-Rec.pkl,M:\Python_Project\Data_Processing_2024\Data\2025.02.04-14.56.00-Rec.pkl,2025.02.04-14.56.00,2025.02.04-14.56.00-Rec-.cmtr,R:\20250204\set6\2025.02.04-14.56.00-Rec-.cmtr,R:\20250204\set6\2025.02.04-14.56.00-Rec.cmcr,True
2025.02.05-12.09.17-Rec.pkl,M:\Python_Project\Data_Processing_2024\Data\2025.02.05-12.09.17-Rec.pkl,2025.02.05-12.09.17,2025.02.05-12.09.17-Rec-.cmtr,R:\20250205\2025.02.05-12.09.17-Rec-.cmtr,R:\20250205\2025.02.05-12.09.17-Rec.cmcr,True
2025.02.05-12.59.07-Rec.pkl,M:\Python_Project\Data_Processing_2024\Data\2025.02.05-12.59.07-Rec.pkl,2025.02.05-12.59.07,2025.02.05-12.59.07-Rec-.cmtr,R:\20250205\2025.02.05-12.59.07-Rec-.cmtr,R:\20250205\2025.02.05-12.59.07-Rec.cmcr,True
2025.02.05-13.34.20-Rec.pkl,M:\Python_Project\Data_Processing_2024\Data\2025.02.05-13.34.20-Rec.pkl,2025.02.05-13.34.20,2025.02.05-13.34.20-Rec-.cmtr,R:\20250205\2025.02.05-13.34.20-Rec-.cmtr,R:\20250205\2025.02.05-13.34.20-Rec.cmcr,True
2025.02.05-14.48.41-Rec.pkl,M:\Python_Project\Data_Processing_2024\Data\2025.02.05-14.48.41-Rec.pkl,2025.02.05-14.48.41,2025.02.05-14.48.41-Rec-.cmtr,R:\20250205\2025.02.05-14.48.41-Rec-.cmtr,R:\20250205\2025.02.05-14.48.41-Rec.cmcr,True
2025.02.05-15.20.52-Rec.pkl,M:\Python_Project\Data_Processing_2024\Data\2025.02.05-15.20.52-Rec.pkl,2025.02.05-15.20.52,2025.02.05-15.20.52-Rec-.cmtr,R:\20250205\2025.02.05-15.20.52-Rec-.cmtr,R:\20250205\2025.02.05-15.20.52-Rec.cmcr,True
2025.02.05-15.51.42-Rec.pkl,M:\Python_Project\Data_Processing_2024\Data\2025.02.05-15.51.42-Rec.pkl,2025.02.05-15.51.42,2025.02.05-15.51.42-Rec-.cmtr,R:\20250205\2025.02.05-15.51.42-Rec-.cmtr,R:\20250205\2025.02.05-15.51.42-Rec.cmcr,True
2025.02.12-11.22.52-Rec.pkl,M:\Python_Project\Data_Processing_2024\Data\2025.02.12-11.22.52-Rec.pkl,2025.02.12-11.22.52,2025.02.12-11.22.52-Rec-.cmtr,R:\20250212\set6\2025.02.12-11.22.52-Rec-.cmtr,R:\20250212\set6\2025.02.12-11.22.52-Rec.cmcr,True
2025.02.12-11.56.47-Rec.pkl,M:\Python_Project\Data_Processing_2024\Data\2025.02.12-11.56.47-Rec.pkl,2025.02.12-11.56.47,2025.02.12-11.56.47-Rec-.cmtr,R:\20250212\set6\2025.02.12-11.56.47-Rec-.cmtr,R:\20250212\set6\2025.02.12-11.56.47-Rec.cmcr,True
2025.02.12-12.40.18-Rec.pkl,M:\Python_Project\Data_Processing_2024\Data\2025.02.12-12.40.18-Rec.pkl,2025.02.12-12.40.18,2025.02.12-12.40.18-Rec-.cmtr,R:\20250212\set6\2025.02.12-12.40.18-Rec-.cmtr,R:\20250212\set6\2025.02.12-12.40.18-Rec.cmcr,True
2025.02.12-13.24.05-Rec.pkl,M:\Python_Project\Data_Processing_2024\Data\2025.02.12-13.24.05-Rec.pkl,2025.02.12-13.24.05,2025.02.12-13.24.05-Rec-.cmtr,R:\20250212\set6\2025.02.12-13.24.05-Rec-.cmtr,R:\20250212\set6\2025.02.12-13.24.05-Rec.cmcr,True
2025.02.12-13.57.08-Rec.pkl,M:\Python_Project\Data_Processing_2024\Data\2025.02.12-13.57.08-Rec.pkl,2025.02.12-13.57.08,2025.02.12-13.57.08-Rec-.cmtr,R:\20250212\set6\2025.02.12-13.57.08-Rec-.cmtr,R:\20250212\set6\2025.02.12-13.57.08-Rec.cmcr,True
2025.02.12-14.50.14-Rec.pkl,M:\Python_Project\Data_Processing_2024\Data\2025.02.12-14.50.14-Rec.pkl,2025.02.12-14.50.14,2025.02.12-14.50.14-Rec-.cmtr,R:\20250212\set6\2025.02.12-14.50.14-Rec-.cmtr,R:\20250212\set6\2025.02.12-14.50.14-Rec.cmcr,True
2025.02.12-15.58.41-Rec.pkl,M:\Python_Project\Data_Processing_2024\Data\2025.02.12-15.58.41-Rec.pkl,2025.02.12-15.58.41,2025.02.12-15.58.41-Rec-.cmtr,R:\20250212\2025.02.12-15.58.41-Rec-.cmtr,R:\20250212\2025.02.12-15.58.41-Rec.cmcr,True
2025.02.19-11.25.10-Rec.pkl,M:\Python_Project\Data_Processing_2024\Data\2025.02.19-11.25.10-Rec.pkl,2025.02.19-11.25.10,2025.02.19-11.25.10-Rec-.cmtr,R:\20250219\set6\2025.02.19-11.25.10-Rec-.cmtr,R:\20250219\set6\2025.02.19-11.25.10-Rec.cmcr,True
2025.02.19-12.38.28-Rec.pkl,M:\Python_Project\Data_Processing_2024\Data\2025.02.19-12.38.28-Rec.pkl,2025.02.19-12.38.28,2025.02.19-12.38.28-Rec-.cmtr,R:\20250219\set6\2025.02.19-12.38.28-Rec-.cmtr,R:\20250219\set6\2025.02.19-12.38.28-Rec.cmcr,True
2025.02.19-13.34.13-Rec.pkl,M:\Python_Project\Data_Processing_2024\Data\2025.02.19-13.34.13-Rec.pkl,2025.02.19-13.34.13,2025.02.19-13.34.13-Rec-.cmtr,R:\20250219\set6\2025.02.19-13.34.13-Rec-.cmtr,R:\20250219\set6\2025.02.19-13.34.13-Rec.cmcr,True
2025.02.19-14.35.18-Rec.pkl,M:\Python_Project\Data_Processing_2024\Data\2025.02.19-14.35.18-Rec.pkl,2025.02.19-14.35.18,2025.02.19-14.35.18-Rec-.cmtr,R:\20250219\set6\2025.02.19-14.35.18-Rec-.cmtr,R:\20250219\set6\2025.02.19-14.35.18-Rec.cmcr,True
2025.02.20-10.13.41-Rec.pkl,M:\Python_Project\Data_Processing_2024\Data\2025.02.20-10.13.41-Rec.pkl,2025.02.20-10.13.41,2025.02.20-10.13.41-Rec-.cmtr,R:\20250220\set6\2025.02.20-10.13.41-Rec-.cmtr,R:\20250220\set6\2025.02.20-10.13.41-Rec.cmcr,True
2025.02.20-10.49.25-Rec.pkl,M:\Python_Project\Data_Processing_2024\Data\2025.02.20-10.49.25-Rec.pkl,2025.02.20-10.49.25,2025.02.20-10.49.25-Rec-.cmtr,R:\20250220\set6\2025.02.20-10.49.25-Rec-.cmtr,R:\20250220\set6\2025.02.20-10.49.25-Rec.cmcr,True
2025.02.20-11.50.55-Rec.pkl,M:\Python_Project\Data_Processing_2024\Data\2025.02.20-11.50.55-Rec.pkl,2025.02.20-11.50.55,2025.02.20-11.50.55-Rec-.cmtr,R:\20250220\set6\2025.02.20-11.50.55-Rec-.cmtr,R:\20250220\set6\2025.02.20-11.50.55-Rec.cmcr,True
2025.02.20-12.28.01-Rec.pkl,M:\Python_Project\Data_Processing_2024\Data\2025.02.20-12.28.01-Rec.pkl,2025.02.20-12.28.01,2025.02.20-12.28.01-Rec-.cmtr,R:\20250220\set6\2025.02.20-12.28.01-Rec-.cmtr,R:\20250220\set6\2025.02.20-12.28.01-Rec.cmcr,True
2025.02.20-13.00.25-Rec.pkl,M:\Python_Project\Data_Processing_2024\Data\2025.02.20-13.00.25-Rec.pkl,2025.02.20-13.00.25,2025.02.20-13.00.25-Rec-.cmtr,R:\20250220\set6\2025.02.20-13.00.25-Rec-.cmtr,R:\20250220\set6\2025.02.20-13.00.25-Rec.cmcr,True
2025.02.20-13.51.59-Rec.pkl,M:\Python_Project\Data_Processing_2024\Data\2025.02.20-13.51.59-Rec.pkl,2025.02.20-13.51.59,2025.02.20-13.51.59-Rec-.cmtr,R:\20250220\set6\2025.02.20-13.51.59-Rec-.cmtr,R:\20250220\set6\2025.02.20-13.51.59-Rec.cmcr,True
2025.02.20-14.23.01-Rec.pkl,M:\Python_Project\Data_Processing_2024\Data\2025.02.20-14.23.01-Rec.pkl,2025.02.20-14.23.01,2025.02.20-14.23.01-Rec-.cmtr,R:\20250220\set6\2025.02.20-14.23.01-Rec-.cmtr,R:\20250220\set6\2025.02.20-14.23.01-Rec.cmcr,True
2025.02.20-14.54.28-Rec.pkl,M:\Python_Project\Data_Processing_2024\Data\2025.02.20-14.54.28-Rec.pkl,2025.02.20-14.54.28,2025.02.20-14.54.28-Rec-.cmtr,R:\20250220\set6\2025.02.20-14.54.28-Rec-.cmtr,R:\20250220\set6\2025.02.20-14.54.28-Rec.cmcr,True
2025.02.25-09.38.13-Rec.pkl,M:\Python_Project\Data_Processing_2024\Data\2025.02.25-09.38.13-Rec.pkl,2025.02.25-09.38.13,2025.02.25-09.38.13-Rec-.cmtr,R:\20250225\set6\2025.02.25-09.38.13-Rec-.cmtr,R:\20250225\set6\2025.02.25-09.38.13-Rec.cmcr,True
2025.02.25-10.06.21-Rec.pkl,M:\Python_Project\Data_Processing_2024\Data\2025.02.25-10.06.21-Rec.pkl,2025.02.25-10.06.21,2025.02.25-10.06.21-Rec-.cmtr,R:\20250225\set6\2025.02.25-10.06.21-Rec-.cmtr,R:\20250225\set6\2025.02.25-10.06.21-Rec.cmcr,True
2025.02.25-10.36.28-Rec.pkl,M:\Python_Project\Data_Processing_2024\Data\2025.02.25-10.36.28-Rec.pkl,2025.02.25-10.36.28,2025.02.25-10.36.28-Rec-.cmtr,R:\20250225\set6\2025.02.25-10.36.28-Rec-.cmtr,R:\20250225\set6\2025.02.25-10.36.28-Rec.cmcr,True
2025.02.25-11.08.23-Rec.pkl,M:\Python_Project\Data_Processing_2024\Data\2025.02.25-11.08.23-Rec.pkl,2025.02.25-11.08.23,2025.02.25-11.08.23-Rec-.cmtr,R:\20250225\set6\2025.02.25-11.08.23-Rec-.cmtr,R:\20250225\set6\2025.02.25-11.08.23-Rec.cmcr,True
2025.02.25-12.13.48-Rec.pkl,M:\Python_Project\Data_Processing_2024\Data\2025.02.25-12.13.48-Rec.pkl,2025.02.25-12.13.48,2025.02.25-12.13.48-Rec-.cmtr,R:\20250225\set6\2025.02.25-12.13.48-Rec-.cmtr,R:\20250225\set6\2025.02.25-12.13.48-Rec.cmcr,True
2025.02.25-13.01.32-Rec.pkl,M:\Python_Project\Data_Processing_2024\Data\2025.02.25-13.01.32-Rec.pkl,2025.02.25-13.01.32,2025.02.25-13.01.32-Rec-.cmtr,R:\20250225\set6\2025.02.25-13.01.32-Rec-.cmtr,R:\20250225\set6\2025.02.25-13.01.32-Rec.cmcr,True
2025.02.25-13.33.21-Rec.pkl,M:\Python_Project\Data_Processing_2024\Data\2025.02.25-13.33.21-Rec.pkl,2025.02.25-13.33.21,2025.02.25-13.33.21-Rec-.cmtr,R:\20250225\set6\2025.02.25-13.33.21-Rec-.cmtr,R:\20250225\set6\2025.02.25-13.33.21-Rec.cmcr,True
2025.02.25-14.05.13-Rec.pkl,M:\Python_Project\Data_Processing_2024\Data\2025.02.25-14.05.13-Rec.pkl,2025.02.25-14.05.13,2025.02.25-14.05.13-Rec-.cmtr,R:\20250225\set6\2025.02.25-14.05.13-Rec-.cmtr,R:\20250225\set6\2025.02.25-14.05.13-Rec.cmcr,True
2025.02.28-10.07.27-Rec.pkl,M:\Python_Project\Data_Processing_2024\Data\2025.02.28-10.07.27-Rec.pkl,2025.02.28-10.07.27,2025.02.28-10.07.27-Rec-.cmtr,R:\20250228\set6\2025.02.28-10.07.27-Rec-.cmtr,R:\20250228\set6\2025.02.28-10.07.27-Rec.cmcr,True
2025.02.28-10.41.55-Rec.pkl,M:\Python_Project\Data_Processing_2024\Data\2025.02.28-10.41.55-Rec.pkl,2025.02.28-10.41.55,2025.02.28-10.41.55-Rec-.cmtr,R:\20250228\set6\2025.02.28-10.41.55-Rec-.cmtr,R:\20250228\set6\2025.02.28-10.41.55-Rec.cmcr,True
2025.02.28-11.14.39-Rec.pkl,M:\Python_Project\Data_Processing_2024\Data\2025.02.28-11.14.39-Rec.pkl,2025.02.28-11.14.39,2025.02.28-11.14.39-Rec-.cmtr,R:\20250228\set6\2025.02.28-11.14.39-Rec-.cmtr,R:\20250228\set6\2025.02.28-11.14.39-Rec.cmcr,True
2025.02.28-11.52.02-Rec.pkl,M:\Python_Project\Data_Processing_2024\Data\2025.02.28-11.52.02-Rec.pkl,2025.02.28-11.52.02,2025.02.28-11.52.02-Rec-.cmtr,R:\20250228\set6\2025.02.28-11.52.02-Rec-.cmtr,R:\20250228\set6\2025.02.28-11.52.02-Rec.cmcr,True
2025.02.28-12.22.28-Rec.pkl,M:\Python_Project\Data_Processing_2024\Data\2025.02.28-12.22.28-Rec.pkl,2025.02.28-12.22.28,2025.02.28-12.22.28-Rec-.cmtr,R:\20250228\set6\2025.02.28-12.22.28-Rec-.cmtr,R:\20250228\set6\2025.02.28-12.22.28-Rec.cmcr,True
2025.02.28-13.15.09-Rec.pkl,M:\Python_Project\Data_Processing_2024\Data\2025.02.28-13.15.09-Rec.pkl,2025.02.28-13.15.09,2025.02.28-13.15.09-Rec-.cmtr,R:\20250228\set6\2025.02.28-13.15.09-Rec-.cmtr,R:\20250228\set6\2025.02.28-13.15.09-Rec.cmcr,True
2025.02.28-13.52.45-Rec.pkl,M:\Python_Project\Data_Processing_2024\Data\2025.02.28-13.52.45-Rec.pkl,2025.02.28-13.52.45,2025.02.28-13.52.45-Rec-.cmtr,R:\20250228\set6\2025.02.28-13.52.45-Rec-.cmtr,R:\20250228\set6\2025.02.28-13.52.45-Rec.cmcr,True
2025.02.28-14.56.44-Rec.pkl,M:\Python_Project\Data_Processing_2024\Data\2025.02.28-14.56.44-Rec.pkl,2025.02.28-14.56.44,2025.02.28-14.56.44-Rec-.cmtr,R:\20250228\set6\2025.02.28-14.56.44-Rec-.cmtr,R:\20250228\set6\2025.02.28-14.56.44-Rec.cmcr,True
2025.03.04-09.47.46-Rec.pkl,M:\Python_Project\Data_Processing_2024\Data\2025.03.04-09.47.46-Rec.pkl,2025.03.04-09.47.46,2025.03.04-09.47.46-Rec-.cmtr,R:\20250304\set6\2025.03.04-09.47.46-Rec-.cmtr,R:\20250304\set6\2025.03.04-09.47.46-Rec.cmcr,True
2025.03.04-10.21.32-Rec.pkl,M:\Python_Project\Data_Processing_2024\Data\2025.03.04-10.21.32-Rec.pkl,2025.03.04-10.21.32,2025.03.04-10.21.32-Rec-.cmtr,R:\20250304\set6\2025.03.04-10.21.32-Rec-.cmtr,R:\20250304\set6\2025.03.04-10.21.32-Rec.cmcr,True
2025.03.04-11.03.26-Rec.pkl,M:\Python_Project\Data_Processing_2024\Data\2025.03.04-11.03.26-Rec.pkl,2025.03.04-11.03.26,2025.03.04-11.03.26-Rec-.cmtr,R:\20250304\set6\2025.03.04-11.03.26-Rec-.cmtr,R:\20250304\set6\2025.03.04-11.03.26-Rec.cmcr,True
2025.03.04-12.00.11-Rec.pkl,M:\Python_Project\Data_Processing_2024\Data\2025.03.04-12.00.11-Rec.pkl,2025.03.04-12.00.11,2025.03.04-12.00.11-Rec-.cmtr,R:\20250304\set6\2025.03.04-12.00.11-Rec-.cmtr,R:\20250304\set6\2025.03.04-12.00.11-Rec.cmcr,True
2025.03.04-12.34.41-Rec.pkl,M:\Python_Project\Data_Processing_2024\Data\2025.03.04-12.34.41-Rec.pkl,2025.03.04-12.34.41,2025.03.04-12.34.41-Rec-.cmtr,R:\20250304\set6\2025.03.04-12.34.41-Rec-.cmtr,R:\20250304\set6\2025.03.04-12.34.41-Rec.cmcr,True
2025.03.04-13.06.35-Rec.pkl,M:\Python_Project\Data_Processing_2024\Data\2025.03.04-13.06.35-Rec.pkl,2025.03.04-13.06.35,2025.03.04-13.06.35-Rec-.cmtr,R:\20250304\set6\2025.03.04-13.06.35-Rec-.cmtr,R:\20250304\set6\2025.03.04-13.06.35-Rec.cmcr,True
2025.03.04-13.41.41-Rec.pkl,M:\Python_Project\Data_Processing_2024\Data\2025.03.04-13.41.41-Rec.pkl,2025.03.04-13.41.41,2025.03.04-13.41.41-Rec-.cmtr,R:\20250304\set6\2025.03.04-13.41.41-Rec-.cmtr,R:\20250304\set6\2025.03.04-13.41.41-Rec.cmcr,True
2025.03.04-14.37.34-Rec.pkl,M:\Python_Project\Data_Processing_2024\Data\2025.03.04-14.37.34-Rec.pkl,2025.03.04-14.37.34,2025.03.04-14.37.34-Rec-.cmtr,R:\20250304\set6\2025.03.04-14.37.34-Rec-.cmtr,R:\20250304\set6\2025.03.04-14.37.34-Rec.cmcr,True
2025.03.05-10.34.34-Rec.pkl,M:\Python_Project\Data_Processing_2024\Data\2025.03.05-10.34.34-Rec.pkl,2025.03.05-10.34.34,2025.03.05-10.34.34-Rec-.cmtr,R:\20250305\set6\2025.03.05-10.34.34-Rec-.cmtr,R:\20250305\set6\2025.03.05-10.34.34-Rec.cmcr,True
2025.03.05-11.08.30-Rec.pkl,M:\Python_Project\Data_Processing_2024\Data\2025.03.05-11.08.30-Rec.pkl,2025.03.05-11.08.30,2025.03.05-11.08.30-Rec-.cmtr,R:\20250305\set6\2025.03.05-11.08.30-Rec-.cmtr,R:\20250305\set6\2025.03.05-11.08.30-Rec.cmcr,True
2025.03.05-11.40.16-Rec.pkl,M:\Python_Project\Data_Processing_2024\Data\2025.03.05-11.40.16-Rec.pkl,2025.03.05-11.40.16,2025.03.05-11.40.16-Rec-.cmtr,R:\20250305\set6\2025.03.05-11.40.16-Rec-.cmtr,R:\20250305\set6\2025.03.05-11.40.16-Rec.cmcr,True
2025.03.05-12.14.16-Rec.pkl,M:\Python_Project\Data_Processing_2024\Data\2025.03.05-12.14.16-Rec.pkl,2025.03.05-12.14.16,2025.03.05-12.14.16-Rec-.cmtr,R:\20250305\set6\2025.03.05-12.14.16-Rec-.cmtr,R:\20250305\set6\2025.03.05-12.14.16-Rec.cmcr,True
2025.03.05-12.46.21-Rec.pkl,M:\Python_Project\Data_Processing_2024\Data\2025.03.05-12.46.21-Rec.pkl,2025.03.05-12.46.21,2025.03.05-12.46.21-Rec-.cmtr,R:\20250305\set6\2025.03.05-12.46.21-Rec-.cmtr,R:\20250305\set6\2025.03.05-12.46.21-Rec.cmcr,True
2025.03.05-13.16.31-Rec.pkl,M:\Python_Project\Data_Processing_2024\Data\2025.03.05-13.16.31-Rec.pkl,2025.03.05-13.16.31,2025.03.05-13.16.31-Rec-.cmtr,R:\20250305\set6\2025.03.05-13.16.31-Rec-.cmtr,R:\20250305\set6\2025.03.05-13.16.31-Rec.cmcr,True
2025.03.05-13.46.46-Rec.pkl,M:\Python_Project\Data_Processing_2024\Data\2025.03.05-13.46.46-Rec.pkl,2025.03.05-13.46.46,2025.03.05-13.46.46-Rec-.cmtr,R:\20250305\set6\2025.03.05-13.46.46-Rec-.cmtr,R:\20250305\set6\2025.03.05-13.46.46-Rec.cmcr,True
2025.03.05-14.17.22-Rec.pkl,M:\Python_Project\Data_Processing_2024\Data\2025.03.05-14.17.22-Rec.pkl,2025.03.05-14.17.22,2025.03.05-14.17.22-Rec-.cmtr,R:\20250305\set6\2025.03.05-14.17.22-Rec-.cmtr,R:\20250305\set6\2025.03.05-14.17.22-Rec.cmcr,True
2025.03.05-15.11.59-Rec.pkl,M:\Python_Project\Data_Processing_2024\Data\2025.03.05-15.11.59-Rec.pkl,2025.03.05-15.11.59,2025.03.05-15.11.59-Rec-.cmtr,R:\20250305\set6\2025.03.05-15.11.59-Rec-.cmtr,R:\20250305\set6\2025.03.05-15.11.59-Rec.cmcr,True
2025.03.05-15.43.39-Rec.pkl,M:\Python_Project\Data_Processing_2024\Data\2025.03.05-15.43.39-Rec.pkl,2025.03.05-15.43.39,2025.03.05-15.43.39-Rec-.cmtr,R:\20250305\set6\2025.03.05-15.43.39-Rec-.cmtr,R:\20250305\set6\2025.03.05-15.43.39-Rec.cmcr,True
2025.03.06-09.16.20-Rec.pkl,M:\Python_Project\Data_Processing_2024\Data\2025.03.06-09.16.20-Rec.pkl,2025.03.06-09.16.20,2025.03.06-09.16.20-Rec-.cmtr,R:\20250306\set6\2025.03.06-09.16.20-Rec-.cmtr,R:\20250306\set6\2025.03.06-09.16.20-Rec.cmcr,True
2025.03.06-09.47.57-Rec.pkl,M:\Python_Project\Data_Processing_2024\Data\2025.03.06-09.47.57-Rec.pkl,2025.03.06-09.47.57,2025.03.06-09.47.57-Rec-.cmtr,R:\20250306\set6\2025.03.06-09.47.57-Rec-.cmtr,R:\20250306\set6\2025.03.06-09.47.57-Rec.cmcr,True
2025.03.06-10.38.58-Rec.pkl,M:\Python_Project\Data_Processing_2024\Data\2025.03.06-10.38.58-Rec.pkl,2025.03.06-10.38.58,2025.03.06-10.38.58-Rec-.cmtr,R:\20250306\set6\2025.03.06-10.38.58-Rec-.cmtr,R:\20250306\set6\2025.03.06-10.38.58-Rec.cmcr,True
2025.03.06-11.10.30-Rec.pkl,M:\Python_Project\Data_Processing_2024\Data\2025.03.06-11.10.30-Rec.pkl,2025.03.06-11.10.30,2025.03.06-11.10.30-Rec-.cmtr,R:\20250306\set6\2025.03.06-11.10.30-Rec-.cmtr,R:\20250306\set6\2025.03.06-11.10.30-Rec.cmcr,True
2025.03.06-11.46.59-Rec.pkl,M:\Python_Project\Data_Processing_2024\Data\2025.03.06-11.46.59-Rec.pkl,2025.03.06-11.46.59,2025.03.06-11.46.59-Rec-.cmtr,R:\20250306\set6\2025.03.06-11.46.59-Rec-.cmtr,R:\20250306\set6\2025.03.06-11.46.59-Rec.cmcr,True
2025.03.06-12.38.11-Rec.pkl,M:\Python_Project\Data_Processing_2024\Data\2025.03.06-12.38.11-Rec.pkl,2025.03.06-12.38.11,2025.03.06-12.38.11-Rec-.cmtr,R:\20250306\set6\2025.03.06-12.38.11-Rec-.cmtr,R:\20250306\set6\2025.03.06-12.38.11-Rec.cmcr,True
2025.03.06-13.17.43-Rec.pkl,M:\Python_Project\Data_Processing_2024\Data\2025.03.06-13.17.43-Rec.pkl,2025.03.06-13.17.43,2025.03.06-13.17.43-Rec-.cmtr,R:\20250306\set6\2025.03.06-13.17.43-Rec-.cmtr,R:\20250306\set6\2025.03.06-13.17.43-Rec.cmcr,True
2025.03.06-13.53.51-Rec.pkl,M:\Python_Project\Data_Processing_2024\Data\2025.03.06-13.53.51-Rec.pkl,2025.03.06-13.53.51,2025.03.06-13.53.51-Rec-.cmtr,R:\20250306\set6\2025.03.06-13.53.51-Rec-.cmtr,R:\20250306\set6\2025.03.06-13.53.51-Rec.cmcr,True
2025.03.06-14.23.42-Rec.pkl,M:\Python_Project\Data_Processing_2024\Data\2025.03.06-14.23.42-Rec.pkl,2025.03.06-14.23.42,2025.03.06-14.23.42-Rec-.cmtr,R:\20250306\set6\2025.03.06-14.23.42-Rec-.cmtr,R:\20250306\set6\2025.03.06-14.23.42-Rec.cmcr,True
2025.03.06-14.55.10-Rec.pkl,M:\Python_Project\Data_Processing_2024\Data\2025.03.06-14.55.10-Rec.pkl,2025.03.06-14.55.10,2025.03.06-14.55.10-Rec-.cmtr,R:\20250306\set6\2025.03.06-14.55.10-Rec-.cmtr,R:\20250306\set6\2025.03.06-14.55.10-Rec.cmcr,True
2025.03.19-14.54.57-Rec.pkl,M:\Python_Project\Data_Processing_2024\Data\2025.03.19-14.54.57-Rec.pkl,2025.03.19-14.54.57,2025.03.19-14.54.57-Rec-.cmtr,R:\20250319\set6\2025.03.19-14.54.57-Rec-.cmtr,R:\20250319\set6\2025.03.19-14.54.57-Rec.cmcr,True
2025.03.19-15.26.53-Rec.pkl,M:\Python_Project\Data_Processing_2024\Data\2025.03.19-15.26.53-Rec.pkl,2025.03.19-15.26.53,2025.03.19-15.26.53-Rec-.cmtr,R:\20250319\set6\2025.03.19-15.26.53-Rec-.cmtr,R:\20250319\set6\2025.03.19-15.26.53-Rec.cmcr,True
2025.03.19-15.57.23-Rec.pkl,M:\Python_Project\Data_Processing_2024\Data\2025.03.19-15.57.23-Rec.pkl,2025.03.19-15.57.23,2025.03.19-15.57.23-Rec-.cmtr,R:\20250319\set6\2025.03.19-15.57.23-Rec-.cmtr,R:\20250319\set6\2025.03.19-15.57.23-Rec.cmcr,True
2025.03.19-16.48.30-Rec.pkl,M:\Python_Project\Data_Processing_2024\Data\2025.03.19-16.48.30-Rec.pkl,2025.03.19-16.48.30,2025.03.19-16.48.30-Rec-.cmtr,R:\20250319\set6\2025.03.19-16.48.30-Rec-.cmtr,R:\20250319\set6\2025.03.19-16.48.30-Rec.cmcr,True
2025.03.19-17.46.14-Rec.pkl,M:\Python_Project\Data_Processing_2024\Data\2025.03.19-17.46.14-Rec.pkl,2025.03.19-17.46.14,2025.03.19-17.46.14-Rec-.cmtr,R:\20250319\set6\2025.03.19-17.46.14-Rec-.cmtr,R:\20250319\set6\2025.03.19-17.46.14-Rec.cmcr,True
2025.03.19-18.30.08-Rec.pkl,M:\Python_Project\Data_Processing_2024\Data\2025.03.19-18.30.08-Rec.pkl,2025.03.19-18.30.08,2025.03.19-18.30.08-Rec-.cmtr,R:\20250319\set6\2025.03.19-18.30.08-Rec-.cmtr,R:\20250319\set6\2025.03.19-18.30.08-Rec.cmcr,True
2025.03.19-19.04.09-Rec.pkl,M:\Python_Project\Data_Processing_2024\Data\2025.03.19-19.04.09-Rec.pkl,2025.03.19-19.04.09,2025.03.19-19.04.09-Rec-.cmtr,R:\20250319\set6\2025.03.19-19.04.09-Rec-.cmtr,R:\20250319\set6\2025.03.19-19.04.09-Rec.cmcr,True
2025.03.25-10.23.43-Rec.pkl,M:\Python_Project\Data_Processing_2024\Data\2025.03.25-10.23.43-Rec.pkl,2025.03.25-10.23.43,2025.03.25-10.23.43-Rec-.cmtr,O:\20250325\set6\2025.03.25-10.23.43-Rec-.cmtr,O:\20250325\set6\2025.03.25-10.23.43-Rec.cmcr,True
2025.03.25-11.11.18-Rec.pkl,M:\Python_Project\Data_Processing_2024\Data\2025.03.25-11.11.18-Rec.pkl,2025.03.25-11.11.18,2025.03.25-11.11.18-Rec-.cmtr,O:\20250325\set6\2025.03.25-11.11.18-Rec-.cmtr,O:\20250325\set6\2025.03.25-11.11.18-Rec.cmcr,True
2025.03.25-12.49.10-Rec.pkl,M:\Python_Project\Data_Processing_2024\Data\2025.03.25-12.49.10-Rec.pkl,2025.03.25-12.49.10,2025.03.25-12.49.10-Rec-.cmtr,O:\20250325\set6\2025.03.25-12.49.10-Rec-.cmtr,O:\20250325\set6\2025.03.25-12.49.10-Rec.cmcr,True
2025.03.25-13.38.15-Rec.pkl,M:\Python_Project\Data_Processing_2024\Data\2025.03.25-13.38.15-Rec.pkl,2025.03.25-13.38.15,2025.03.25-13.38.15-Rec-.cmtr,O:\20250325\set6\2025.03.25-13.38.15-Rec-.cmtr,O:\20250325\set6\2025.03.25-13.38.15-Rec.cmcr,True
2025.03.25-14.36.22-Rec.pkl,M:\Python_Project\Data_Processing_2024\Data\2025.03.25-14.36.22-Rec.pkl,2025.03.25-14.36.22,2025.03.25-14.36.22-Rec-.cmtr,O:\20250325\set6\2025.03.25-14.36.22-Rec-.cmtr,O:\20250325\set6\2025.03.25-14.36.22-Rec.cmcr,True
2025.03.25-15.08.13-Rec.pkl,M:\Python_Project\Data_Processing_2024\Data\2025.03.25-15.08.13-Rec.pkl,2025.03.25-15.08.13,2025.03.25-15.08.13-Rec-.cmtr,O:\20250325\set6\2025.03.25-15.08.13-Rec-.cmtr,O:\20250325\set6\2025.03.25-15.08.13-Rec.cmcr,True
2025.03.26-11.00.16-Rec.pkl,M:\Python_Project\Data_Processing_2024\Data\2025.03.26-11.00.16-Rec.pkl,2025.03.26-11.00.16,2025.03.26-11.00.16-Rec-.cmtr,O:\20250326\set6\2025.03.26-11.00.16-Rec-.cmtr,O:\20250326\set6\2025.03.26-11.00.16-Rec.cmcr,True
2025.03.26-12.26.37-Rec.pkl,M:\Python_Project\Data_Processing_2024\Data\2025.03.26-12.26.37-Rec.pkl,2025.03.26-12.26.37,2025.03.26-12.26.37-Rec-.cmtr,O:\20250326\set6\2025.03.26-12.26.37-Rec-.cmtr,O:\20250326\set6\2025.03.26-12.26.37-Rec.cmcr,True
2025.03.26-12.57.34-Rec.pkl,M:\Python_Project\Data_Processing_2024\Data\2025.03.26-12.57.34-Rec.pkl,2025.03.26-12.57.34,2025.03.26-12.57.34-Rec-.cmtr,O:\20250326\set6\2025.03.26-12.57.34-Rec-.cmtr,O:\20250326\set6\2025.03.26-12.57.34-Rec.cmcr,True
2025.03.26-13.42.34-Rec.pkl,M:\Python_Project\Data_Processing_2024\Data\2025.03.26-13.42.34-Rec.pkl,2025.03.26-13.42.34,2025.03.26-13.42.34-Rec-.cmtr,O:\20250326\set6\2025.03.26-13.42.34-Rec-.cmtr,O:\20250326\set6\2025.03.26-13.42.34-Rec.cmcr,True
2025.03.26-14.28.43-Rec.pkl,M:\Python_Project\Data_Processing_2024\Data\2025.03.26-14.28.43-Rec.pkl,2025.03.26-14.28.43,2025.03.26-14.28.43-Rec-.cmtr,O:\20250326\set6\2025.03.26-14.28.43-Rec-.cmtr,O:\20250326\set6\2025.03.26-14.28.43-Rec.cmcr,True
2025.03.26-14.58.20-Rec.pkl,M:\Python_Project\Data_Processing_2024\Data\2025.03.26-14.58.20-Rec.pkl,2025.03.26-14.58.20,2025.03.26-14.58.20-Rec-.cmtr,O:\20250326\set6\2025.03.26-14.58.20-Rec-.cmtr,O:\20250326\set6\2025.03.26-14.58.20-Rec.cmcr,True
2025.03.26-15.27.23-Rec.pkl,M:\Python_Project\Data_Processing_2024\Data\2025.03.26-15.27.23-Rec.pkl,2025.03.26-15.27.23,2025.03.26-15.27.23-Rec-.cmtr,O:\20250326\set6\2025.03.26-15.27.23-Rec-.cmtr,O:\20250326\set6\2025.03.26-15.27.23-Rec.cmcr,True
2025.03.26-16.13.47-Rec.pkl,M:\Python_Project\Data_Processing_2024\Data\2025.03.26-16.13.47-Rec.pkl,2025.03.26-16.13.47,2025.03.26-16.13.47-Rec-.cmtr,O:\20250326\set6\2025.03.26-16.13.47-Rec-.cmtr,O:\20250326\set6\2025.03.26-16.13.47-Rec.cmcr,True
2025.03.26-16.40.23-Rec.pkl,M:\Python_Project\Data_Processing_2024\Data\2025.03.26-16.40.23-Rec.pkl,2025.03.26-16.40.23,2025.03.26-16.40.23-Rec-.cmtr,O:\20250326\set6\2025.03.26-16.40.23-Rec-.cmtr,O:\20250326\set6\2025.03.26-16.40.23-Rec.cmcr,True
2025.04.09-10.32.20-Rec.pkl,M:\Python_Project\Data_Processing_2024\Data\2025.04.09-10.32.20-Rec.pkl,2025.04.09-10.32.20,2025.04.09-10.32.20-Rec-.cmtr,O:\20250409\set6\2025.04.09-10.32.20-Rec-.cmtr,O:\20250409\set6\2025.04.09-10.32.20-Rec.cmcr,True
2025.04.09-11.21.27-Rec.pkl,M:\Python_Project\Data_Processing_2024\Data\2025.04.09-11.21.27-Rec.pkl,2025.04.09-11.21.27,2025.04.09-11.21.27-Rec-.cmtr,O:\20250409\set6\2025.04.09-11.21.27-Rec-.cmtr,O:\20250409\set6\2025.04.09-11.21.27-Rec.cmcr,True
2025.04.09-12.59.16-Rec.pkl,M:\Python_Project\Data_Processing_2024\Data\2025.04.09-12.59.16-Rec.pkl,2025.04.09-12.59.16,2025.04.09-12.59.16-Rec-.cmtr,O:\20250409\set6\2025.04.09-12.59.16-Rec-.cmtr,O:\20250409\set6\2025.04.09-12.59.16-Rec.cmcr,True
2025.04.09-13.29.55-Rec.pkl,M:\Python_Project\Data_Processing_2024\Data\2025.04.09-13.29.55-Rec.pkl,2025.04.09-13.29.55,2025.04.09-13.29.55-Rec-.cmtr,O:\20250409\set6\2025.04.09-13.29.55-Rec-.cmtr,O:\20250409\set6\2025.04.09-13.29.55-Rec.cmcr,True
2025.04.09-14.14.41-Rec.pkl,M:\Python_Project\Data_Processing_2024\Data\2025.04.09-14.14.41-Rec.pkl,2025.04.09-14.14.41,2025.04.09-14.14.41-Rec-.cmtr,O:\20250409\set6\2025.04.09-14.14.41-Rec-.cmtr,O:\20250409\set6\2025.04.09-14.14.41-Rec.cmcr,True
2025.04.09-14.48.50-Rec.pkl,M:\Python_Project\Data_Processing_2024\Data\2025.04.09-14.48.50-Rec.pkl,2025.04.09-14.48.50,2025.04.09-14.48.50-Rec-.cmtr,O:\20250409\set6\2025.04.09-14.48.50-Rec-.cmtr,O:\20250409\set6\2025.04.09-14.48.50-Rec.cmcr,True
2025.04.10-10.25.49-Rec.pkl,M:\Python_Project\Data_Processing_2024\Data\2025.04.10-10.25.49-Rec.pkl,2025.04.10-10.25.49,2025.04.10-10.25.49-Rec-.cmtr,O:\20250410\set6\2025.04.10-10.25.49-Rec-.cmtr,O:\20250410\set6\2025.04.10-10.25.49-Rec.cmcr,True
2025.04.10-11.12.57-Rec.pkl,M:\Python_Project\Data_Processing_2024\Data\2025.04.10-11.12.57-Rec.pkl,2025.04.10-11.12.57,2025.04.10-11.12.57-Rec-.cmtr,O:\20250410\set6\2025.04.10-11.12.57-Rec-.cmtr,O:\20250410\set6\2025.04.10-11.12.57-Rec.cmcr,True
2025.04.10-12.58.18-Rec.pkl,M:\Python_Project\Data_Processing_2024\Data\2025.04.10-12.58.18-Rec.pkl,2025.04.10-12.58.18,2025.04.10-12.58.18-Rec-.cmtr,O:\20250410\set6\2025.04.10-12.58.18-Rec-.cmtr,O:\20250410\set6\2025.04.10-12.58.18-Rec.cmcr,True
2025.04.10-13.50.16-Rec.pkl,M:\Python_Project\Data_Processing_2024\Data\2025.04.10-13.50.16-Rec.pkl,2025.04.10-13.50.16,2025.04.10-13.50.16-Rec-.cmtr,O:\20250410\set6\2025.04.10-13.50.16-Rec-.cmtr,O:\20250410\set6\2025.04.10-13.50.16-Rec.cmcr,True
2025.04.14-10.59.57-Rec.pkl,M:\Python_Project\Data_Processing_2024\Data\2025.04.14-10.59.57-Rec.pkl,2025.04.14-10.59.57,2025.04.14-10.59.57-Rec-.cmtr,O:\20250414\2025.04.14-10.59.57-Rec-.cmtr,O:\20250414\2025.04.14-10.59.57-Rec.cmcr,True
2025.04.14-11.48.33-Rec.pkl,M:\Python_Project\Data_Processing_2024\Data\2025.04.14-11.48.33-Rec.pkl,2025.04.14-11.48.33,2025.04.14-11.48.33-Rec-.cmtr,O:\20250414\2025.04.14-11.48.33-Rec-.cmtr,O:\20250414\2025.04.14-11.48.33-Rec.cmcr,True
2025.04.14-12.20.44-Rec.pkl,M:\Python_Project\Data_Processing_2024\Data\2025.04.14-12.20.44-Rec.pkl,2025.04.14-12.20.44,2025.04.14-12.20.44-Rec-.cmtr,O:\20250414\2025.04.14-12.20.44-Rec-.cmtr,O:\20250414\2025.04.14-12.20.44-Rec.cmcr,True
2025.04.14-13.08.42-Rec.pkl,M:\Python_Project\Data_Processing_2024\Data\2025.04.14-13.08.42-Rec.pkl,2025.04.14-13.08.42,2025.04.14-13.08.42-Rec-.cmtr,O:\20250414\2025.04.14-13.08.42-Rec-.cmtr,O:\20250414\2025.04.14-13.08.42-Rec.cmcr,True
2025.04.14-13.59.17-Rec.pkl,M:\Python_Project\Data_Processing_2024\Data\2025.04.14-13.59.17-Rec.pkl,2025.04.14-13.59.17,2025.04.14-13.59.17-Rec-.cmtr,O:\20250414\2025.04.14-13.59.17-Rec-.cmtr,O:\20250414\2025.04.14-13.59.17-Rec.cmcr,True
2025.04.14-14.29.17-Rec.pkl,M:\Python_Project\Data_Processing_2024\Data\2025.04.14-14.29.17-Rec.pkl,2025.04.14-14.29.17,2025.04.14-14.29.17-Rec-.cmtr,O:\20250414\2025.04.14-14.29.17-Rec-.cmtr,O:\20250414\2025.04.14-14.29.17-Rec.cmcr,True
2025.04.14-15.20.49-Rec.pkl,M:\Python_Project\Data_Processing_2024\Data\2025.04.14-15.20.49-Rec.pkl,2025.04.14-15.20.49,2025.04.14-15.20.49-Rec-.cmtr,O:\20250414\2025.04.14-15.20.49-Rec-.cmtr,O:\20250414\2025.04.14-15.20.49-Rec.cmcr,True
2025.04.14-16.07.23-Rec.pkl,M:\Python_Project\Data_Processing_2024\Data\2025.04.14-16.07.23-Rec.pkl,2025.04.14-16.07.23,2025.04.14-16.07.23-Rec-.cmtr,O:\20250414\2025.04.14-16.07.23-Rec-.cmtr,O:\20250414\2025.04.14-16.07.23-Rec.cmcr,True
2025.04.15-10.30.10-Rec.pkl,M:\Python_Project\Data_Processing_2024\Data\2025.04.15-10.30.10-Rec.pkl,2025.04.15-10.30.10,2025.04.15-10.30.10-Rec-.cmtr,O:\20250415\2025.04.15-10.30.10-Rec-.cmtr,O:\20250415\2025.04.15-10.30.10-Rec.cmcr,True
2025.04.15-11.21.52-Rec.pkl,M:\Python_Project\Data_Processing_2024\Data\2025.04.15-11.21.52-Rec.pkl,2025.04.15-11.21.52,2025.04.15-11.21.52-Rec-.cmtr,O:\20250415\2025.04.15-11.21.52-Rec-.cmtr,O:\20250415\2025.04.15-11.21.52-Rec.cmcr,True
2025.04.15-12.13.55-Rec.pkl,M:\Python_Project\Data_Processing_2024\Data\2025.04.15-12.13.55-Rec.pkl,2025.04.15-12.13.55,2025.04.15-12.13.55-Rec-.cmtr,O:\20250415\2025.04.15-12.13.55-Rec-.cmtr,O:\20250415\2025.04.15-12.13.55-Rec.cmcr,True
2025.04.15-13.01.44-Rec.pkl,M:\Python_Project\Data_Processing_2024\Data\2025.04.15-13.01.44-Rec.pkl,2025.04.15-13.01.44,2025.04.15-13.01.44-Rec-.cmtr,O:\20250415\2025.04.15-13.01.44-Rec-.cmtr,O:\20250415\2025.04.15-13.01.44-Rec.cmcr,True
2025.04.15-13.56.23-Rec.pkl,M:\Python_Project\Data_Processing_2024\Data\2025.04.15-13.56.23-Rec.pkl,2025.04.15-13.56.23,2025.04.15-13.56.23-Rec-.cmtr,O:\20250415\2025.04.15-13.56.23-Rec-.cmtr,O:\20250415\2025.04.15-13.56.23-Rec.cmcr,True
2025.04.15-15.10.34-Rec.pkl,M:\Python_Project\Data_Processing_2024\Data\2025.04.15-15.10.34-Rec.pkl,2025.04.15-15.10.34,2025.04.15-15.10.34-Rec-.cmtr,O:\20250415\2025.04.15-15.10.34-Rec-.cmtr,O:\20250415\2025.04.15-15.10.34-Rec.cmcr,True
2025.04.22-11.01.20-Rec.pkl,M:\Python_Project\Data_Processing_2024\Data\2025.04.22-11.01.20-Rec.pkl,2025.04.22-11.01.20,2025.04.22-11.01.20-Rec-.cmtr,O:\20250422\2025.04.22-11.01.20-Rec-.cmtr,O:\20250422\2025.04.22-11.01.20-Rec.cmcr,True
2025.04.22-11.36.51-Rec.pkl,M:\Python_Project\Data_Processing_2024\Data\2025.04.22-11.36.51-Rec.pkl,2025.04.22-11.36.51,2025.04.22-11.36.51-Rec-.cmtr,O:\20250422\2025.04.22-11.36.51-Rec-.cmtr,O:\20250422\2025.04.22-11.36.51-Rec.cmcr,True
2025.04.22-12.46.25-Rec.pkl,M:\Python_Project\Data_Processing_2024\Data\2025.04.22-12.46.25-Rec.pkl,2025.04.22-12.46.25,2025.04.22-12.46.25-Rec-.cmtr,O:\20250422\2025.04.22-12.46.25-Rec-.cmtr,O:\20250422\2025.04.22-12.46.25-Rec.cmcr,True
2025.04.22-14.32.11-Rec.pkl,M:\Python_Project\Data_Processing_2024\Data\2025.04.22-14.32.11-Rec.pkl,2025.04.22-14.32.11,2025.04.22-14.32.11-Rec-.cmtr,O:\20250422\2025.04.22-14.32.11-Rec-.cmtr,O:\20250422\2025.04.22-14.32.11-Rec.cmcr,True
2025.04.22-15.17.20-Rec.pkl,M:\Python_Project\Data_Processing_2024\Data\2025.04.22-15.17.20-Rec.pkl,2025.04.22-15.17.20,2025.04.22-15.17.20-Rec-.cmtr,O:\20250422\2025.04.22-15.17.20-Rec-.cmtr,O:\20250422\2025.04.22-15.17.20-Rec.cmcr,True
2025.04.23-10.15.00-Rec.pkl,M:\Python_Project\Data_Processing_2024\Data\2025.04.23-10.15.00-Rec.pkl,2025.04.23-10.15.00,2025.04.23-10.15.00-Rec-.cmtr,O:\20250423\2025.04.23-10.15.00-Rec-.cmtr,O:\20250423\2025.04.23-10.15.00-Rec.cmcr,True
2025.04.23-10.43.49-Rec.pkl,M:\Python_Project\Data_Processing_2024\Data\2025.04.23-10.43.49-Rec.pkl,2025.04.23-10.43.49,2025.04.23-10.43.49-Rec-.cmtr,O:\20250423\2025.04.23-10.43.49-Rec-.cmtr,O:\20250423\2025.04.23-10.43.49-Rec.cmcr,True
2025.04.23-11.33.44-Rec.pkl,M:\Python_Project\Data_Processing_2024\Data\2025.04.23-11.33.44-Rec.pkl,2025.04.23-11.33.44,2025.04.23-11.33.44-Rec-.cmtr,O:\20250423\2025.04.23-11.33.44-Rec-.cmtr,O:\20250423\2025.04.23-11.33.44-Rec.cmcr,True
2025.04.23-12.04.49-Rec.pkl,M:\Python_Project\Data_Processing_2024\Data\2025.04.23-12.04.49-Rec.pkl,2025.04.23-12.04.49,2025.04.23-12.04.49-Rec-.cmtr,O:\20250423\2025.04.23-12.04.49-Rec-.cmtr,O:\20250423\2025.04.23-12.04.49-Rec.cmcr,True
2025.04.23-12.36.43-Rec.pkl,M:\Python_Project\Data_Processing_2024\Data\2025.04.23-12.36.43-Rec.pkl,2025.04.23-12.36.43,2025.04.23-12.36.43-Rec-.cmtr,O:\20250423\2025.04.23-12.36.43-Rec-.cmtr,O:\20250423\2025.04.23-12.36.43-Rec.cmcr,True
2025.04.23-13.11.30-Rec.pkl,M:\Python_Project\Data_Processing_2024\Data\2025.04.23-13.11.30-Rec.pkl,2025.04.23-13.11.30,2025.04.23-13.11.30-Rec-.cmtr,O:\20250423\2025.04.23-13.11.30-Rec-.cmtr,O:\20250423\2025.04.23-13.11.30-Rec.cmcr,True
2025.04.23-13.39.50-Rec.pkl,M:\Python_Project\Data_Processing_2024\Data\2025.04.23-13.39.50-Rec.pkl,2025.04.23-13.39.50,2025.04.23-13.39.50-Rec-.cmtr,O:\20250423\2025.04.23-13.39.50-Rec-.cmtr,O:\20250423\2025.04.23-13.39.50-Rec.cmcr,True
2025.04.23-14.09.55-Rec.pkl,M:\Python_Project\Data_Processing_2024\Data\2025.04.23-14.09.55-Rec.pkl,2025.04.23-14.09.55,2025.04.23-14.09.55-Rec-.cmtr,O:\20250423\2025.04.23-14.09.55-Rec-.cmtr,O:\20250423\2025.04.23-14.09.55-Rec.cmcr,True
2025.04.23-14.38.53-Rec.pkl,M:\Python_Project\Data_Processing_2024\Data\2025.04.23-14.38.53-Rec.pkl,2025.04.23-14.38.53,2025.04.23-14.38.53-Rec-.cmtr,O:\20250423\2025.04.23-14.38.53-Rec-.cmtr,O:\20250423\2025.04.23-14.38.53-Rec.cmcr,True
2025.04.23-15.06.19-Rec.pkl,M:\Python_Project\Data_Processing_2024\Data\2025.04.23-15.06.19-Rec.pkl,2025.04.23-15.06.19,2025.04.23-15.06.19-Rec-.cmtr,O:\20250423\2025.04.23-15.06.19-Rec-.cmtr,O:\20250423\2025.04.23-15.06.19-Rec.cmcr,True
2025.04.29-10.47.42-Rec.pkl,M:\Python_Project\Data_Processing_2024\Data\2025.04.29-10.47.42-Rec.pkl,2025.04.29-10.47.42,,,,False
2025.04.29-11.37.40-Rec.pkl,M:\Python_Project\Data_Processing_2024\Data\2025.04.29-11.37.40-Rec.pkl,2025.04.29-11.37.40,2025.04.29-11.37.40-Rec-.cmtr,O:\20250429\2025.04.29-11.37.40-Rec-.cmtr,O:\20250429\2025.04.29-11.37.40-Rec.cmcr,True
2025.04.29-12.08.23-Rec.pkl,M:\Python_Project\Data_Processing_2024\Data\2025.04.29-12.08.23-Rec.pkl,2025.04.29-12.08.23,2025.04.29-12.08.23-Rec-.cmtr,O:\20250429\2025.04.29-12.08.23-Rec-.cmtr,O:\20250429\2025.04.29-12.08.23-Rec.cmcr,True
2025.04.29-12.37.37-Rec.pkl,M:\Python_Project\Data_Processing_2024\Data\2025.04.29-12.37.37-Rec.pkl,2025.04.29-12.37.37,2025.04.29-12.37.37-Rec-.cmtr,O:\20250429\2025.04.29-12.37.37-Rec-.cmtr,O:\20250429\2025.04.29-12.37.37-Rec.cmcr,True
2025.04.29-13.09.00-Rec.pkl,M:\Python_Project\Data_Processing_2024\Data\2025.04.29-13.09.00-Rec.pkl,2025.04.29-13.09.00,2025.04.29-13.09.00-Rec-.cmtr,O:\20250429\2025.04.29-13.09.00-Rec-.cmtr,O:\20250429\2025.04.29-13.09.00-Rec.cmcr,True
2025.04.29-13.37.28-Rec.pkl,M:\Python_Project\Data_Processing_2024\Data\2025.04.29-13.37.28-Rec.pkl,2025.04.29-13.37.28,2025.04.29-13.37.28-Rec-.cmtr,O:\20250429\2025.04.29-13.37.28-Rec-.cmtr,O:\20250429\2025.04.29-13.37.28-Rec.cmcr,True
2025.04.29-14.34.14-Rec.pkl,M:\Python_Project\Data_Processing_2024\Data\2025.04.29-14.34.14-Rec.pkl,2025.04.29-14.34.14,2025.04.29-14.34.14-Rec-.cmtr,O:\20250429\2025.04.29-14.34.14-Rec-.cmtr,O:\20250429\2025.04.29-14.34.14-Rec.cmcr,True
2025.04.29-15.01.54-Rec.pkl,M:\Python_Project\Data_Processing_2024\Data\2025.04.29-15.01.54-Rec.pkl,2025.04.29-15.01.54,2025.04.29-15.01.54-Rec-.cmtr,O:\20250429\2025.04.29-15.01.54-Rec-.cmtr,O:\20250429\2025.04.29-15.01.54-Rec.cmcr,True
2025.04.29-15.32.12-Rec.pkl,M:\Python_Project\Data_Processing_2024\Data\2025.04.29-15.32.12-Rec.pkl,2025.04.29-15.32.12,2025.04.29-15.32.12-Rec-.cmtr,O:\20250429\2025.04.29-15.32.12-Rec-.cmtr,O:\20250429\2025.04.29-15.32.12-Rec.cmcr,True
2025.05.20-12.13.12-Rec.pkl,M:\Python_Project\Data_Processing_2024\Data\2025.05.20-12.13.12-Rec.pkl,2025.05.20-12.13.12,2025.05.20-12.13.12-Rec-.cmtr,O:\20250520_image\2025.05.20-12.13.12-Rec-.cmtr,O:\20250520_image\2025.05.20-12.13.12-Rec.cmcr,True
